date,SPX,RTY,MXEA,MXEF,XAU,SPGSCI,LF98TRUU,LBUSTRUU,FNERTR
1988-02-29,0.046607371732628966,0.09013639554708663,0.06668966026951795,0.0023761652348748274,-0.06954148471615729,-0.017043749624917504,0.03236335472449681,0.011870417117441967,0.03824026273198733
1988-03-31,-0.03087542212491201,0.046758205110513096,0.06145010547061447,0.09992706053975198,0.07227502053267632,0.045240857195189,-0.010396013075398058,-0.009384930652490131,0.004972350545024318
1988-04-29,0.011066436913651279,0.022741255053612353,0.014513040703240554,0.04666777188328908,-0.017397964766385776,0.02225467289719618,0.007635241241132906,-0.005396492280018039,0.006951756620585892
1988-05-31,0.008635055294652139,-0.026876060755795295,-0.03204243728418532,0.026530450621683688,0.014476614699331813,0.01702759842294732,0.0015047291487533254,-0.006721929163526763,-0.014752015471625968
1988-06-30,0.045884650045058706,0.07130872483221484,-0.026352524096163177,0.031553772565962035,-0.04160263446761803,-0.03775493005225017,0.014595406739643657,0.024126001456664437,0.03473894436519265
1988-07-29,-0.0037696560637611176,-0.00950006182252816,0.03137445288142793,-0.028344925585221947,0.0005726720879624114,-0.010626496175629274,0.006558070657922466,-0.0052449106587253436,0.010687224961122288
1988-08-31,-0.03394716926736108,-0.02548632060751066,-0.06501768863587898,-0.030788177339901357,-0.020718864468864506,-0.011153732664502702,-0.0014712063892391436,0.00262138814417634,-0.004670551517929167
1988-09-30,0.042600813220427636,0.026515798462852347,0.04368210315993171,0.062102922490470114,-0.0702513150204559,-0.032107901647171144,0.012576299726373419,0.022639491354210062,0.005635347001425206
1988-10-31,0.02783641632974332,-0.011085229399775298,0.08557689408785318,-0.008972633467922986,0.03696253457379939,0.02965840424220012,0.012108299121758481,0.018826263800116205,-0.004382713357463652
1988-11-30,-0.014237476938072091,-0.03314475593598176,0.05956397972644578,-0.005885015844273478,0.024733268671193187,0.04203844541589308,0.005904703224481445,-0.01214782707881823,-0.02024703795361471
1988-12-30,0.01744473479765518,0.03926217562482326,0.005556684074988993,0.02360352155434131,-0.0292238523426408,0.059766680075857836,0.004696033893114349,0.0011258010507475547,0.017882489689627024
1989-01-31,0.07319866722199064,0.044664908535309245,0.0176140547514938,-0.016386149625565394,-0.03960999390615483,-0.015020877392766141,0.0176294264085759,0.01438828176811513,0.022169029240279636
1989-02-28,-0.02490217004624684,0.0072928353902868,0.005142161885246077,0.0743253429820594,-0.017766497461928932,0.026150627615062705,0.0021967049425861696,-0.007248436611711262,-0.0029755510677609287
1989-03-31,0.02331597625286075,0.023589784390166235,-0.019628829724202657,0.0945130507998877,-0.009819121447028456,0.060250013412736836,-0.007821062070339835,0.004323550465282766,0.004643645962398413
1989-04-28,0.05192195501393648,0.04364385371730606,0.00927333931194041,0.18110135265081095,-0.014744258872651295,-5.060216577268406e-05,0.00421750263593923,0.020925989280419666,0.028258584818651622
1989-05-31,0.0404547695341384,0.04306620987562382,-0.054420542273789674,0.009986973512809305,-0.04171632896305122,-0.04589848691867826,0.019399030048497634,0.026277576096062516,0.009334487541848846
1989-06-30,-0.005656075098463109,-0.022866425090591114,-0.016812273163689717,-0.12252794496990549,0.03095632946379201,0.003871857430784109,0.012408651723968767,0.030448151070719076,0.01938497148053231
1989-07-31,0.0902972184168207,0.03863719400803789,0.12557137712275246,0.06253062224399808,-0.012600536193029477,-0.051355206847360946,-0.001308012789458246,0.021256931608133023,0.03695819648866716
1989-08-31,0.01953018301010645,0.024377803183537106,-0.04497320313317221,0.020231713643437566,-0.023079011675264716,0.02450570871623481,0.00339558573853993,-0.014815772462831278,0.009227941895247227
1989-09-29,-0.00404554588077688,0.0031764564482066326,0.0455318600605632,0.12418079096045198,0.01862145636464696,0.050394128839358565,-0.016823785351704035,0.005117841583119009,-0.009356657174405814
1989-10-31,-0.023215150373917193,-0.05918597884503485,-0.040184376097660235,0.011709719569806154,0.02401091405184186,-0.017648276575923827,-0.023700644146137595,0.024623338642713488,-0.025792952403300817
1989-11-30,0.020379499325273276,0.006712996652598058,0.05026451629471729,-0.048035368337390194,0.08752997601918455,0.011801274959169827,-0.0019642407454042443,0.009531090723751356,-0.0031413717657922113
1989-12-29,0.02402094410407285,0.0038130003433507476,0.036928813766543334,0.12032978501356717,-0.01690554943035638,0.07914605571465749,0.0015643924101735873,0.0026758216792044376,-0.0020035237855524635
1990-01-31,-0.06713054479323166,-0.08736588175991944,-0.03720538125051576,0.030600838379133855,0.03439252336448595,-0.04062726176115794,-0.02146420113871106,-0.011883182275931437,-0.04148255755301333
1990-02-28,0.012883539582980275,0.031048426866554957,-0.0697976303462634,0.03836941293442386,-0.017708709794000743,-0.014535029925061727,-0.020647752432933486,0.0032358336730533566,-0.007020018102595338
1990-03-30,0.02649930264993028,0.0388949472918938,-0.10420232233602789,-0.1388840529247911,-0.09614912926171204,0.013626620393998312,0.026235541535226226,0.0007365079365080351,0.00997382004727232
1990-04-30,-0.0249728260869565,-0.03265073109646055,-0.007936158017724071,0.06474601971190297,-0.002035278154681186,-0.023513418256885465,-0.0016906603821916777,-0.009161506446046075,-0.017378893459827016
1990-05-31,0.09751679161673321,0.07077995012278948,0.11413566804438324,0.08041393714990974,-0.012780421481984994,-0.021295245952356323,0.019295904752129722,0.029608380503547416,-0.0007689678742310857
1990-06-29,-0.006754697816150346,0.0020267747613205156,-0.008822258418375806,0.03312829525483307,-0.029885690676215493,-0.029661240187556004,0.02416675057899509,0.016045175253115662,0.017272338606241888
1990-07-31,-0.003195786674847878,-0.04398431539539749,0.01408564069542817,0.08535340648124534,0.05706984667802395,0.06851992615919222,0.026939337331629343,0.01383312114386448,-0.00910943935445907
1990-08-31,-0.09038446741388595,-0.13317991165881005,-0.09709765325290376,-0.1303632302809451,0.0414987912973408,0.14557926829268286,-0.05691718525610345,-0.013354584752106935,-0.07201857723016902
1990-09-28,-0.04866770054983782,-0.08848970153727564,-0.1393617956456764,-0.12999008741101192,0.05325596389426179,0.19844754934575293,-0.07299121871986192,0.008272958684159004,-0.07071768913468235
1990-10-31,-0.004268057737336628,-0.06104808211777424,0.15579142691770786,-0.01988709928012844,-0.07076395690499504,-0.07705688589511084,-0.05251054043694903,0.012696023692770897,-0.033715325595120915
1990-11-30,0.06465247804732854,0.07624956221543999,-0.05900417565746341,-0.05437252311756935,0.014097496706192425,-0.08725989493523678,0.03120665742024964,0.021525996596111874,0.0709668388771536
1990-12-31,0.02784689797858353,0.03967737436660301,0.01627078849540209,0.03464461332141244,-0.005326750682083992,-0.03356618777733844,0.0056041246357319,0.015581368062888679,-0.0030179532573695322
1991-01-31,0.04354922068383971,0.09043349951932744,0.032313213301091936,0.08117303953337651,-0.043887147335423204,-0.11602491248806657,0.02747436469014719,0.01236165345779705,0.10939231786816661
1991-02-28,0.07152538838494427,0.11151433140607692,0.10718388660947409,0.14706029272191423,-0.00901639344262295,-0.016528840615485874,0.10939957693767965,0.008536084356598472,0.018101151598487464
1991-03-29,0.024204534397197497,0.07038902108350387,-0.06004662507243064,0.03745155249749588,-0.01943755169561623,0.015122833805703895,0.05891268211596756,0.006879695845025902,0.08669135724309673
1991-04-30,0.0023751276631118756,-0.002515983387616383,0.009841870600547642,0.003022289384208454,0.005904681568958292,0.009643221412896752,0.040999122766517404,0.010833408253169141,0.025323092757478793
1991-05-31,0.04314859133236992,0.047665117564742454,0.010462879492330268,0.07541326637371859,0.007407407407407307,-0.01585730466637414,0.0018184237370826306,0.00584782318673005,0.011117740087313033
1991-06-28,-0.045815918589860116,-0.058276442069852497,-0.07347228368913894,-0.03774759699575836,0.02205882352941191,-0.03858675929286115,0.02957322472109092,-0.0005084333620709591,-0.02791020033529701
1991-07-31,0.04661127907253548,0.03509140575751202,0.049122780414575296,0.04950054596190401,-0.014931451065562595,0.03473229548064949,0.031991744066047545,0.013867386207811805,0.020175159695927203
1991-08-30,0.023677925622654472,0.0370144809852484,-0.02033633729123463,0.01834226041385678,-0.0425795783381564,0.0039293754690234994,0.02300000000000013,0.021640016579044907,-0.004042121169193003
1991-09-30,-0.016731102519664143,0.007830342577487714,0.05637397738254202,-0.03946721156393074,0.021588946459412783,0.006675595145399171,0.013929618768328433,0.020263489419853453,0.02448391287444185
1991-10-31,0.013445416129979959,0.026448688896082873,0.014161912277148803,0.039867633154742954,0.007185122569737912,0.02383874427622623,0.033381537719932464,0.011133899794901758,-0.010986773294828778
1991-11-29,-0.04029165180164107,-0.04625161636231756,-0.046691776435835775,-0.015873617214729463,0.02475870751154008,-0.042543225669978924,0.0052089407191446835,0.009169184915345463,-0.0055590910792499
1991-12-31,0.11435607908738166,0.08007473421405087,0.0516656073038253,0.11175270431535611,-0.035899535899535984,-0.06936203341328961,0.01438570710390974,0.029698299731320654,0.07155225959457168
1992-01-31,-0.01861851844129847,0.08102688139121916,-0.021346007238961184,0.1154085872576176,0.002690075038935369,0.030720446760646114,0.03522549654988372,-0.013604222686983358,0.048699730372998795
1992-02-28,0.01293817718291912,0.02917144596910104,-0.03579123184998556,0.0429640207369697,-0.0009884213499011807,-0.0031532247892823717,0.024673172528079546,0.0065021606558699485,-0.02391839606049939
1992-03-31,-0.019442521864972084,-0.033848397704913546,-0.0660222864338067,0.03158020061314981,-0.03406360424028276,0.016278097459538676,0.012398921832884158,-0.005637589278549071,-0.01660231660231648
1992-04-30,0.029367727583846648,-0.0350342509648659,0.004706909181590113,-0.011916440648623627,-0.01565700907228551,0.029138721533856327,0.0037983670571530848,0.00722313015757714,-0.0035510186275794497
1992-05-29,0.004883116883116934,0.013297519075519793,0.06692986674526469,-0.0059278726821433425,0.0034190575293593373,0.015248264254155375,0.014110407751883214,0.018869814306604393,0.043700966657327145
1992-06-30,-0.014867659222497887,-0.04729237670773989,-0.04739922212933012,-0.10252041595675943,0.01748148148148143,-0.011045544739119006,0.009415539126795824,0.013762459941411231,-0.013095747447545603
1992-07-31,0.040847169454881316,0.03479537080919104,-0.02558858320296098,0.009361089290390145,0.04207920792079212,-0.02197635250174179,0.015097077316382324,0.0204022264026531,0.0434468454070962
1992-08-31,-0.020469074555831135,-0.02821812164817472,0.06271831581585507,-0.04844672157727481,-0.04429230124353789,-0.0015640734471750184,0.013102814552632625,0.010130191010168321,0.003079454822442429
1992-09-30,0.01175574405006996,0.023062772701704315,-0.01975090279313152,0.0021469465648855657,0.023391812865497075,0.003471030042918377,0.010178715399086213,0.011872506961691842,0.02061286314130939
1992-10-30,0.003459292269499148,0.03178589473058513,-0.052454702653935814,0.052912571836637445,-0.02571428571428569,-0.02480125316097026,-0.014099963419906048,-0.013276557764183017,-0.0012811841005849756
1992-11-30,0.03404781700565773,0.07651981046476464,0.009410233827648495,-0.011529890514485053,-0.014662756598240456,-0.012674882680584143,0.012581374169392978,0.00022613775558277815,0.02116267210606826
1992-12-31,0.012276435519297024,0.03483798464131849,0.005172183400278252,0.028981245507416764,-0.004464285714285698,0.005052860696517447,0.011425716189207291,0.01590142622981716,0.01804775280898885
1993-01-29,0.008349800457204903,0.03384615384615386,-0.00011730021817846215,0.004000889086463566,-0.005979073243647215,0.012938797608919028,0.029081447814774508,0.019176202221768746,0.0641741969602907
1993-02-26,0.01364099214201997,-0.023096738695478125,0.030204439160970598,0.01593978304184196,-0.009022556390977488,0.01719680607369578,0.017634257184919733,0.017505231553088807,0.053764602509254855
1993-03-31,0.02109592676131089,0.03244966142266481,0.08716710698126384,0.03134825514428918,0.028831562974203306,0.01967817866928323,0.012862848696417739,0.004166890212278895,0.08473047139312828
1993-04-30,-0.02416839916839908,-0.02744991073199765,0.09489825845285815,0.017567159674011457,0.05014749262536866,-0.01317235540645001,0.008725082282804442,0.006963490650044424,-0.04404314842351986
1993-05-31,0.026745291991630005,0.044249254226052415,0.02112298783132216,0.024531324157569978,0.05266853932584259,-0.03436957147272279,0.011881675747221987,0.001273412214145564,-0.015851777640095377
1993-06-30,0.002927226915666381,0.00623832602883545,-0.015601968671146937,0.027302469671965035,0.008939292861908088,-0.028948878686208768,0.020989870106166153,0.018123045943511107,0.03241512795268986
1993-07-30,-0.004027044001921221,0.013806658254877258,0.035004124103800605,0.023702158841102605,0.07722824649563598,-0.010876854009206016,0.009653487471322553,0.005655892711531996,0.017463169708017423
1993-08-31,0.03794791898508798,0.04320145520691221,0.05398247990829219,0.08322550450127997,-0.08642278418855875,0.010255320126855594,0.008439814678195212,0.017527818511170468,0.024693168414676947
1993-09-30,-0.007665916157392427,0.028220070664892516,-0.022508767950306097,0.03560717734966712,-0.04488040849234087,0.008621425037391717,0.002575132414479153,0.002746647225377652,0.04881842730745789
1993-10-29,0.020690400302522782,0.025738575508746697,0.030815825017999288,0.08911085478685532,0.039673607203151384,-0.03349740918035371,0.020256268059893223,0.0037367059499857636,-0.019066941933034376
1993-11-30,-0.00954447620055765,-0.032913127182153334,-0.08740951963149812,0.043692820767046836,0.0032476319350474014,-0.03705021701591449,0.004806179373480157,-0.008506839161781521,-0.054236468097974
1993-12-31,0.012094547656792853,0.034190725765635976,0.07220792035370249,0.1644536563248915,0.05395198273536561,-0.009153969648320381,0.012441989579477841,0.005419731901663116,-0.001694568428591392
1994-01-31,0.03400211193241809,0.03135297380183366,0.08454709022800344,0.017688285682500693,-0.022523675454312775,0.08436357411007989,0.02170978627671527,0.013501639122647013,0.029106375346694913
1994-02-28,-0.027148011982570663,-0.003616770002952574,-0.0027686065043215358,-0.01840110771024639,-0.0003927729772190691,-0.03450764581171906,-0.002642298799955922,-0.017373326441802672,0.04342684285545362
1994-03-31,-0.04359920919572413,-0.052797561724148845,-0.04307344903947896,-0.09200415754111135,0.024230517354289383,-0.0049406652962062925,-0.03775251131471469,-0.024654280139136286,-0.03702621124088823
1994-04-29,0.012823561693954044,0.005943868430461352,0.04243021870600372,-0.02217861450092995,-0.03567774936061374,0.02447384174756162,-0.006854422393025139,-0.007985108381754369,0.016979390575539988
1994-05-31,0.016418018278365754,-0.011228841796614653,-0.005741312846870961,0.03198427962204198,0.02718472351147061,0.012626320493136722,0.0005197955470848115,-0.00014029426722561578,0.02225714494554487
1994-06-30,-0.02450466459351397,-0.03395675372086493,0.014128193142134426,-0.029331928857918466,-0.0025819777949909195,0.018799502149807745,0.0030882904724796045,-0.0022099447513812542,-0.020396124557577555
1994-07-29,0.032825706791022924,0.0164298504685938,0.00962018177479873,0.06166784924245583,-0.006989386487186056,0.013538201829156549,0.008488231570466631,0.0198632424546048,-0.004890421707633097
1994-08-31,0.04100673745105654,0.055722702053423445,0.02367626679844026,0.12299255007567855,0.007820646506777829,-0.06715939535724647,0.007075808154298313,0.0012409727847773055,0.002989015825280106
1994-09-30,-0.0244650390525728,-0.0033482868474091765,-0.031497591638420475,0.010484859093295995,0.01978789446456286,0.006771876449962688,5.666203926679714e-05,-0.014718286825842086,-0.01856930427575454
1994-10-31,0.022473471230830766,-0.003946638833621452,0.03330209174192644,-0.01936634966827755,-0.02473050095117313,0.04445325990572635,0.0023796708122041377,-0.00089104759242431,-0.03468681888463199
1994-11-30,-0.03641737298931602,-0.04038684043923413,-0.04806270644366373,-0.05318754305700313,-0.008062418725617748,-0.021615764427266093,-0.012604923268236146,-0.0022208621141907026,-0.034389373130487955
1994-12-30,0.014824869114562267,0.02686716563914726,0.006262289122783704,-0.08100746268656722,0.004719454640797149,0.03192400351666436,0.007356098119472243,0.00690525430263933,0.07300028645850687
1995-01-31,0.025951016154246886,-0.012616863839780224,-0.038412698412698454,-0.10706890251329737,-0.021137787056367374,-0.02630035738390568,0.013553446610217623,0.019790433753394066,-0.02183563361830798
1995-02-28,0.03895774075579039,0.04159888710636439,-0.0028745119021869048,-0.026668788650418218,0.005331911490269237,0.006272584713983953,0.03428555409155898,0.023775794091041025,0.024696921612186618
1995-03-31,0.02951193677177555,0.01722225214066464,0.06237120169885313,0.003947583564971602,0.037920975868469764,0.01102152359012587,0.010760557272185167,0.00613517388549889,-0.004007656047720243
1995-04-28,0.029441560086108653,0.022235398754817615,0.037608206208390005,0.04302000930665417,-0.010986203372508774,0.025550094940243406,0.025448499637982236,0.013968516984258494,-0.0002549846387303045
1995-05-31,0.039977858416876844,0.017194232681471577,-0.011921160837277678,0.05054763657453876,-0.007233273056057921,-0.015400114357284833,0.028033472803347337,0.03869723661203084,0.04249376372447178
1995-06-30,0.023227275415459214,0.05187568734471104,-0.01753144654088057,0.0009130480942776131,0.0007806401249024209,-0.034943337370787586,0.006359381359381411,0.007331539780683016,0.015914407103303496
1995-07-31,0.033161385408990274,0.05760205385562611,0.062254941185884594,0.021002163859306755,-0.005200208008320328,0.016321945796009985,0.012638390374601904,-0.0022334327705498813,0.017233378952252743
1995-08-31,0.0025174121003608274,0.02068676394937774,-0.038146892655367304,-0.02493351063829785,0.0003920543648718855,0.01801090578954212,0.003120163746193505,0.012068749608665552,0.012004503854259996
1995-09-29,0.04220027342987076,0.017858712242822428,0.019527069007826636,-0.006115751789976032,0.003265839320705455,0.0030521073942979537,0.012292532410978607,0.009728559276158233,0.01714556326456096
1995-10-31,-0.003573962279304621,-0.044722466960352425,-0.02687574576609708,-0.039235865440277906,-0.0026041666666666297,0.011232480312786564,0.006169956490745143,0.013004717848171143,-0.02142268145330939
1995-11-30,0.04388769478774868,0.042014683095993544,0.02782324058919805,-0.0187900292338935,0.012532637075717945,0.02627296358592357,0.008819505521352466,0.014984954561262809,0.009137288621381412
1995-12-29,0.019264673710219116,0.026384455927363826,0.040290208286398954,0.04248447770019781,-0.0018050541516245744,0.08285131992741879,0.015716949604049235,0.014033728621655417,0.0546056667651269
1996-01-31,0.03403868491490325,-0.0010753680354397277,0.004104795326242527,0.07013984335798584,0.04959958667011111,-0.03284077897954285,0.017595727433121988,0.006640613522169714,0.016455075757983773
1996-02-29,0.009267399267399279,0.031169174243496744,0.003377268872756911,-0.017532414580445188,-0.013659857248338736,0.004481388519109508,0.0007966260543579295,-0.017382293703844254,0.011705667896053429
1996-03-29,0.009629925355980395,0.020354787640617822,0.02123595505617959,0.005976095617529875,-0.013225202744853393,0.04536257688572354,-0.0006789343072528542,-0.00695114887043824,-0.005457754778154356
1996-04-30,0.01473848181654791,0.05347176753032157,0.029074801360459812,0.036427392739273756,-0.009609305854090255,0.012885650137421267,0.002202178751317785,-0.005623775407948006,0.005071650893463842
1996-05-31,0.025789691208596643,0.0394074819462531,-0.018403253922138374,-0.006906022369939868,-0.0016596450912804706,-0.02606448284263374,0.006007620561490512,-0.002030594287261489,0.025838127875415173
1996-06-28,0.003821846688692121,-0.041063556683533786,0.00563064129642088,0.004108298763502383,-0.02698209718670075,0.013003320727322576,0.008272144251324498,0.013429191535539786,0.013035505406772119
1996-07-31,-0.044185273104666245,-0.08734352290308978,-0.029229356502083803,-0.0701939964873064,0.017347877513471,-0.05747571687277875,0.004655235988200612,0.0027365070866609553,0.0075482163116098455
1996-08-30,0.021092287757354722,0.05806005840938466,0.0021925994916274227,0.02416983278597029,-0.0014210050381088246,0.01984567330415299,0.010804239115474568,-0.0016759859395162335,0.03936503488104415
1996-09-30,0.05629450332526509,0.03907912039003847,0.02656340755082298,0.007314568356632467,-0.02095730918499361,0.033755635594287625,0.02410076024055363,0.017426831080077365,0.017405916567158508
1996-10-31,0.027576003648620118,-0.01541195637614201,-0.010231601976538163,-0.027443718530231753,-0.0009249471458773195,-0.0014375097458289021,0.0076894098876505446,0.02215148284975821,0.02968249385952859
1996-11-29,0.07558240235559022,0.04120454520287464,0.03979172819862997,0.015574524527736777,-0.016928977648459242,0.06861668643038055,0.019725557461406362,0.017128571428571382,0.04556589681718948
1996-12-31,-0.01980716197991106,0.02620763735479037,-0.012864741536896762,0.003370478818647271,-0.010628279295035625,-0.01701509713127103,0.007159647193288876,-0.009297883397238693,0.10393029992659009
1997-01-31,0.062470479515350785,0.019984883826804856,-0.03499904856054181,0.06741407906615438,-0.06350285558879509,-0.048063700895677686,0.009763826734899173,0.003062222663283043,0.011173406813946407
1997-02-28,0.007837717687534829,-0.024246879962376622,0.01635709544925512,0.04216985956492669,0.05546682154784377,-0.07852715826460399,0.016539790920078845,0.0024875270306559116,-0.0020438059683860477
1997-03-31,-0.04108932252960629,-0.047186265999930144,0.003620050822674248,-0.028781187483486237,-0.03356720319163564,0.019118838676192684,-0.014893927699785148,-0.011081504039250567,-0.0021269123467458906
1997-04-30,0.059700000000000086,0.002787624539526634,0.005304401946361947,-0.0017683294145079964,-0.03345195729537365,0.022548576358033312,0.01054526204340922,0.014969419614216717,-0.02751898133502062
1997-05-30,0.06088515617627621,0.11124950373270859,0.06507576930112147,0.025910064239828667,0.015169366715758414,0.003054358432265314,0.021394296251283418,0.00945317657634881,0.029399685264780206
1997-06-30,0.04480439771574951,0.04285534150612946,0.055146022687240226,0.051441149124304975,-0.0310459886841723,-0.061813152014754014,0.013868373543410417,0.01186931233128341,0.048603402712215305
1997-07-31,0.07956818975131741,0.046532623619914615,0.016180392385992226,0.012993575398830615,-0.02814792633627783,0.03844055970491822,0.027458518818292088,0.026966817475487792,0.03089035806445528
1997-08-29,-0.05602302748314336,0.02288073799639001,-0.07468540544092517,-0.1284116012256824,-0.0012324757356340088,0.018103147898713923,-0.002264804931366493,-0.008529726834493823,-0.002393524693500959
1997-09-30,0.05476144727278798,0.07319425575506955,0.056017895900187575,0.02618346823644835,0.031775412617615295,0.03046973969188027,0.019817614780308634,0.014748186864389723,0.08727472527472546
1997-10-31,-0.033392472436953424,-0.043928414599847976,-0.07686488122257518,-0.1649038940344587,-0.06876962176708024,0.03182424293496844,0.0008903340688266592,0.014507220336727134,-0.027029303362912982
1997-11-28,0.046288102261553554,-0.006468070324363695,-0.010194139394270718,-0.03718456327815667,-0.046395890191041844,-0.09350814064654367,0.009552908415841443,0.004604788455231157,0.021613348891805106
1997-12-31,0.017174541268237586,0.017502876211194396,0.008721371500066688,0.02177521242599134,-0.026767676767676774,-0.06924621997042757,0.008772937976477824,0.010068428750522385,0.023609957803047088
1998-01-30,0.011063888760567409,-0.01578192426104086,0.04573789405042583,-0.07918343596954847,0.04635876145995499,-0.007738166413282843,0.01800091143855398,0.012838248412995856,-0.0052845757273741745
1998-02-27,0.07212208438992085,0.07394337627852066,0.06416277477618904,0.10381779884149545,-0.010910894362704648,-0.05259835651654954,0.005856897709467956,-0.0007531273934133775,-0.01701646056288797
1998-03-31,0.051211023510192355,0.041242530092829854,0.03079041292918716,0.04004961476993518,0.006017048303526673,0.009794182848974486,0.009383228869191296,0.003436338319643406,0.017944280958879455
1998-04-30,0.010060810810810894,0.005533094954747408,0.007918871322316168,-0.01286638227604231,0.018940023259677696,-0.016909096362055065,0.0039498824221047,0.005219605346912903,-0.03257463356863899
1998-05-29,-0.017191900407387828,-0.05385663704332966,-0.0048551922159160155,-0.14012220905648098,-0.04467634110549479,-0.03433274759603644,0.0034768605778907613,0.009485815602836789,-0.007004573432825567
1998-06-30,0.04062102246816268,0.0021036745839018156,0.00756999270744152,-0.1069440691704946,0.013654207202594248,-0.01939735513587626,0.0035924649415541854,0.008480849088559728,-0.006770023513278711
1998-07-31,-0.010648387371064882,-0.08095377018972327,0.010136809560148174,0.028167735689216933,-0.035359488129314665,-0.07472341960966244,0.005687393247810535,0.002127262548982989,-0.0649192170644799
1998-08-31,-0.14457982665494273,-0.19417959942635377,-0.12388677526002823,-0.2928523085071947,-0.03805201605864894,-0.04625283770421018,-0.055179142500948686,0.016274392968866458,-0.09437057696179685
1998-09-30,0.0640621377231625,0.07825757947323786,-0.030659821765895545,0.06058840664142151,0.07766285610596979,0.1227073598130839,0.004513032337024159,0.023416028436366476,0.056610454201113214
1998-10-30,0.08134138103850264,0.04078309903899613,0.10424280218444948,0.10409228234001633,-0.01481730931133185,-0.03434439342897633,-0.020483923166251028,-0.005275470256851045,-0.01851245723548356
1998-11-30,0.060613388143311964,0.05239282827897429,0.05122892106585386,0.08219616204690827,0.0022218424200990405,-0.10104724382934316,0.04149417915379083,0.005663411005255581,0.014724856781016982
1998-12-31,0.057624349279933096,0.06188188809764417,0.03944967174649827,-0.018257642925163187,-0.016882673942701154,-0.0034611667578156036,0.001100992759573094,0.00300665759896912,-0.025207749730042694
1999-01-29,0.04181412087352765,0.01328888599194844,-0.0029527446844895833,-0.015075091146268926,-0.007285342584562038,0.016914876822108127,0.0148377355676923,0.007137249304118187,-0.020894791553784375
1999-02-26,-0.031077570351296657,-0.08099481591029101,-0.023832936943529615,0.009634487185147256,0.0031452035645642695,-0.03295655323836211,-0.0058777069595722375,-0.017456830368743015,-0.02348460936186958
1999-03-31,0.04000545744674544,0.015611688334197682,0.04174296702653102,0.1321392532795156,-0.02438599547117226,0.17677412450023322,0.009533839587605897,0.005541664663172519,-0.00451267326566418
1999-04-30,0.038728960021902514,0.08960737453503853,0.04052007825910975,0.12365078657694206,0.02321014104624175,0.04574658134927079,0.019381760281117932,0.00316799961744918,0.09489211151077637
1999-05-31,-0.023617464074108696,0.014606956135156501,-0.05149900762561377,-0.005790525748008979,-0.05653463618914667,-0.05439907564434676,-0.013537290387446554,-0.008758967514360005,0.021968372322315854
1999-06-30,0.055497441088802724,0.045219942776701494,0.03898678414096923,0.11322982654901148,-0.029036434251895726,0.07319668900275911,-0.0021294408852651214,-0.003185900287332122,-0.016193706425475685
1999-07-30,-0.03122369164206773,-0.027439699802663253,0.029723743173992734,-0.027817195824075935,-0.024952380952380948,0.035565186518284664,0.004012621518594939,-0.00425742335431889,-0.03182112444599383
1999-08-31,-0.004944504944504935,-0.03700874229617279,0.0036525887589717865,0.009426312090547562,-0.0010548935338933196,0.07361147234766974,-0.0110451069086418,-0.0005087147684741389,-0.012708410815601368
1999-09-30,-0.027415583769532348,0.00021834431928735576,0.01006553562018353,-0.034181147177821836,0.16845275344180233,0.05196421197522372,-0.007200720072007116,0.011609447521176763,-0.03796677005939075
1999-10-29,0.06328178723452638,0.004050009338245841,0.03745539981722246,0.021132174390849467,0.0015062761506274835,-0.050627280007118136,-0.0066423668288712046,0.003689639062256722,-0.024593851537115685
1999-11-30,0.020326680705955225,0.05970971324625829,0.03474298828850109,0.0897278617710584,-0.02840909090909094,0.04560339599757435,0.011753091938608407,-7.161186369886163e-05,-0.016266933155674068
1999-12-31,0.05889563481877658,0.11319962226709257,0.08975028051039846,0.12748824398155278,-0.009287925696594423,0.025703620124220894,0.011248366133396859,-0.004822210816552985,0.03166961149917302
2000-01-31,-0.050242406253091954,-0.016058399392210543,-0.06353786291529484,0.0055669510747167195,-0.015625,0.06080077311771026,-0.00431458219552161,-0.003274362818590726,0.003294872118564829
2000-02-29,-0.01892866072172672,0.1651356623330269,0.026921552583804242,0.01352366491518997,0.030687830687830653,0.046732730840985504,0.0019380907977255557,0.012093571755192434,-0.011915696759987382
2000-03-31,0.09782851075126109,-0.06593067008674958,0.03876188549463877,0.005409038850855197,-0.044900752908966446,-0.042257498530153814,-0.02102228142849316,0.013173695411796693,0.03287999185004087
2000-04-28,-0.03008569659921856,-0.06017501704369965,-0.05262337864682731,-0.09469985863936958,-0.019815106779418,-0.01775416785495043,0.0016030719331929788,-0.0028633456551075964,0.0671927012698803
2000-05-31,-0.02051806237690401,-0.058281679608712,-0.024422333689663733,-0.04198881626536033,-0.005300676293182205,0.09839671666469818,-0.010254406044702513,-0.000458980122630015,0.00983518176216891
2000-06-30,0.02465383832213397,0.08717111304614633,0.039106670470460125,0.03356135583718012,0.06405733186328533,0.05605211399488352,0.020364032943476884,0.020804879197475534,0.025652661363515072
2000-07-31,-0.01563470337783124,-0.03217300442855797,-0.04192470525103975,-0.05174321959755024,-0.04241356681518316,-0.09497526663668687,0.007629226941859413,0.00907738266877356,0.08740300638382514
2000-08-31,0.062113901562563134,0.07630038395845284,0.00868152229483976,0.004241793778241076,0.002164111812443803,0.14565432411274704,0.006839920261892063,0.014493747571039828,-0.04058549795021016
2000-09-29,-0.05279339298527386,-0.029390075793349735,-0.04869332214169275,-0.08743126725496242,-0.012956631275868324,-0.028297988125974283,-0.008737035220605538,0.006287040584086467,0.031817647247495584
2000-10-31,-0.004229104062046796,-0.04464011039504168,-0.02361948200032571,-0.07258454227869005,-0.03318140382862356,-0.003238126518529727,-0.03203107820860518,0.006617251881046116,-0.04329129925706421
2000-11-30,-0.07883520580381886,-0.10265133842617191,-0.03750278055833611,-0.08755227599008886,0.0199886856496323,0.08309605684496901,-0.039603210661820376,0.016350956030388275,0.012841479748585849
2000-12-29,0.004889467409019632,0.08588237519626207,0.03554430489451921,0.02404704118780776,0.006655574043261225,-0.036897778332501296,0.019317196246944723,0.018550337627088798,0.07038674033149173
2001-01-31,0.03548025427787693,0.052063058682921826,-0.0005161020347671519,0.1375772942861042,-0.023507805325987063,-0.08079409048938146,0.07491491336633671,0.0163536339020931,0.010436334695318461
2001-02-28,-0.09118288612651437,-0.0656142086845346,-0.07496763974223442,-0.0783850649400386,0.004889975550122161,-0.021971679575634173,0.013312704637858497,0.008711280262184262,-0.015970681967234723
2001-03-30,-0.0633461918834981,-0.04891582776542047,-0.06666163768717237,-0.09866248531725808,-0.0344375818828373,-0.041664601981197036,-0.023541526115825717,0.005020227639549679,0.009705778923924546
2001-04-30,0.07770725020684899,0.07822958902222332,0.06949518298202517,0.049290926191164264,0.02364799379724758,0.054024198779719645,-0.012454545454545496,-0.004150459366168424,0.02385540809929587
2001-05-31,0.006703372885143111,0.0245797721953962,-0.03529527343351491,0.01157909845309324,0.006816890740390047,-0.029465149778576505,0.01800607566970447,0.006031729409916808,0.024209929537539532
2001-06-29,-0.024341382626957064,0.03452953325663399,-0.040895061728394966,-0.020877733506300955,0.01880759826970091,-0.06874241811564907,-0.028050566979545333,0.0037784555172737377,0.05861178941508416
2001-07-31,-0.009846469737271879,-0.05412930879455524,-0.018193252773909596,-0.06364045023570541,-0.015506738046889623,-0.004657956025737153,0.014718469725726768,0.022357259887591407,-0.019863869151841462
2001-08-31,-0.06260015081534542,-0.032298417593254136,-0.025343571143351507,-0.010024793518942698,0.029064316519782585,0.006360301407892122,0.011791025617515993,0.01145146566588906,0.03656677742889358
2001-09-28,-0.08075139204866832,-0.13461271701260036,-0.1012875389953185,-0.15491591719015685,0.06869533527696792,-0.1048506672315187,-0.06720313179643334,0.011652744211233523,-0.04152635835600316
2001-10-31,0.01906760831071508,0.058520591074997075,0.025613873469174653,0.0620158257954424,-0.04637681159420293,-0.03487271486589105,0.024733815186135155,0.020925645066960152,-0.028612632515610414
2001-11-30,0.07670839538971408,0.0774165759750356,0.03686401244542381,0.10432581733384061,-0.018773466833541974,-0.033105068393953774,0.036480157752033504,-0.013787478639117667,0.055031903468317545
2001-12-31,0.008760561274082201,0.06172335154468356,0.005938958226350266,0.07930882414480189,0.01658163265306123,-0.002464985994397595,-0.004079392664410486,-0.006350175245146361,0.024356141579990442
2002-01-31,-0.014595609581341429,-0.010401294328350796,-0.053135057152369214,0.03374321869864616,0.012905538626994062,-0.01850943206606881,0.006961537048602251,0.008094959723364381,0.0019612026761208767
2002-02-28,-0.019281035509449373,-0.02740630855715176,0.0070134314713672374,0.016211256999922208,0.049548752433197674,0.06327322226639187,-0.013954506484741391,0.009690989149237161,0.01928193041002535
2002-03-29,0.03760729648022809,0.08037207520067735,0.054091926946336244,0.059841580785282344,0.020569887034226797,0.13990177362616207,0.024067633565191926,-0.01663584152633113,0.059988323440692826
2002-04-30,-0.060630886456453315,0.009113173357850446,0.006629273032417782,0.0064102564102563875,0.019164050883859307,0.014933309479794099,0.01558971765088435,0.01939200760237969,0.008526401334848943
2002-05-31,-0.0073639344262295126,-0.044381708910065876,0.012671057076794279,-0.016175096685928425,0.058680499270546305,-0.04869438337585008,-0.005158306652436995,0.008496795494270737,0.013538150169862817
2002-06-28,-0.07123275002146956,-0.049617508907326746,-0.03980780645468773,-0.07529272990931335,-0.03705404991578631,0.04368772132092569,-0.07373502592526371,0.008646670839150827,0.027332709974273284
2002-07-31,-0.07795496251618139,-0.151030662318843,-0.09871808177022934,-0.07644663159680964,-0.034663698521227415,0.003101945003353368,-0.04368219897309178,0.012066480196271323,-0.05230599935208846
2002-08-30,0.00657234984649091,-0.002546641743532807,-0.002272920703103476,0.015282023664327626,0.03030802174271119,0.058135247412796964,0.02852067900611588,0.016884084627937,-0.001956060532070203
2002-09-30,-0.10868598930153417,-0.07181354902291193,-0.10739177776997233,-0.10792570103810117,0.03453237410071952,0.057129582307299254,-0.0131289740167988,0.016195608819464358,-0.03837695751569137
2002-10-31,0.08801932865593631,0.032061923302796114,0.05374760381590571,0.06497026932493899,-0.017926131973419857,-0.0444037164983343,-0.008729890428937903,-0.004554872983852598,-0.04812315729069794
2002-11-29,0.058858393722192925,0.08924380834349455,0.045383252955486286,0.06882338451432779,0.0012588512981903666,0.0003909430005104575,0.06194832290162089,-0.00026592330405117437,0.04709044203899215
2002-12-31,-0.058743628208285825,-0.055679529811322515,-0.03362506697966361,-0.033263681897796715,0.09398082665409402,0.08112805046251159,0.013979144627474627,0.020655812886952507,0.007425012479012505
2003-01-31,-0.026197687879604747,-0.02767719141868452,-0.04174455815721945,-0.004411881565773101,0.057750323229420975,0.07780858501237486,0.03329234667262848,0.000853725387995663,-0.029072942766250942
2003-02-28,-0.015006432491409871,-0.030215189873417758,-0.02295259036376951,-0.028095537598534004,-0.04943637104441123,0.09911580542195542,0.012332546021672108,0.01383651187012891,0.016544741260079432
2003-03-31,0.009713071727934786,0.012876748277570238,-0.019645113256926194,-0.028559508831635383,-0.03571938848406919,-0.16617965911864796,0.028763780789712756,-0.0007705047248768304,0.020020593914811924
2003-04-30,0.08236864080690309,0.09481745344348957,0.0980076288885181,0.0889278142045089,0.003259742184027248,-0.0716422922433797,0.05932966310030818,0.008251644124581237,0.043967137200510154
2003-05-30,0.05268253572049897,0.10731271245188756,0.06059272300469476,0.0714953372606133,0.07650273224043702,0.09091162040085687,0.010328653843011182,0.018645006461140978,0.06039144887512693
2003-06-30,0.012761187595205836,0.018096555242999468,0.02416852755765464,0.05668842234613547,-0.0495266840444506,-0.008667669888880347,0.028760453567557853,-0.001984846131275919,0.02175170570657059
2003-07-31,0.017630615546158745,0.06257040771355316,0.02420599698992776,0.06218253228159876,0.022950346420323564,-0.00020154114655468458,-0.010990738848095094,-0.03361925843940239,0.053519511085619254
2003-08-29,0.01950039391214009,0.04584869527172075,0.024147285726396683,0.06691868331629114,0.05982785381684774,0.03990032424642731,0.011494435612082743,0.006639226914817442,0.005355097903017025
2003-09-30,-0.01062025576147163,-0.018458419354440037,0.030830217660233084,0.007282328796298199,0.026095060577819185,-0.040522315113070695,0.027332882762522992,0.026470640521946143,0.03400183932514511
2003-10-31,0.056574299992396826,0.08397654949981037,0.06232796348922376,0.08508148706994945,-0.0028545478136758895,0.0251682901037682,0.020195220464490182,-0.009326290266712833,0.018066074472047555
2003-11-28,0.008798785832973666,0.03548834468283668,0.022232114360585253,0.012167524335048752,0.03617436564736498,0.030668081127431357,0.015161512852043924,0.0023950420880571865,0.04359539499942344
2003-12-31,0.05244249612533802,0.020287756609757457,0.0781248716200118,0.07240755446755354,0.04345096069320609,0.05996672131747793,0.02264635929859815,0.010176408521325175,0.03497935829036081
2004-01-30,0.018355576915967342,0.043445898834019836,0.014140644350029596,0.034922124417335665,-0.03129137080274402,-0.0017463528093251135,0.01908242567821339,0.008045302303097301,0.04326109806368983
2004-02-27,0.01389821688963111,0.008964331547465454,0.023081316270017194,0.04585629696209903,-0.015654118524040306,0.07139122143274568,-0.002508965654102857,0.010824141946975452,0.017485758139260232
2004-03-31,-0.015086232619203943,0.009319665270917543,0.005626374917826249,0.012497455652973777,0.07648617947747072,0.012441863803399178,0.006792667329827973,0.007488986784141005,0.055265137669681774
2004-04-30,-0.01569903418523777,-0.050984403791642596,-0.02262061711848251,-0.08188094613183827,-0.09309414937272831,0.026190704054614544,-0.00680329719963868,-0.02601661565369484,-0.14581405194200647
2004-05-31,0.013721060504398253,0.015916285728868163,0.0033628893945678584,-0.019950084240447086,0.02275371687136385,0.041107104368730774,-0.016939999431543562,-0.004005870672537215,0.0712789969190104
2004-06-30,0.019449842118047123,0.042113399073793856,0.021912135464962512,0.004259491798564552,-0.0032865630135254786,-0.04995803100728902,0.014340648220429575,0.005651578454657358,0.029324702687329784
2004-07-30,-0.03310043303967636,-0.06733318747010109,-0.03245496718426011,-0.01830466577402401,-0.008116677235256775,0.07376508180405428,0.01359632870621108,0.00991225499491466,0.0032941075750854143
2004-08-31,0.0040474107659893566,-0.005139345037238452,0.004417995894616,0.041469771111540155,0.048075693645313944,-0.0386466674038467,0.019614735658042726,0.019075174108971638,0.07936723418036973
2004-09-30,0.010829350300338048,0.04694555894284114,0.026132639362826948,0.05769381879285218,0.020495303159692613,0.14255315549992376,0.014521133558573984,0.0027134996608124684,-0.0005965150584117396
2004-10-29,0.01527787894238486,0.019683992329490696,0.03410232891279641,0.0238931579809587,0.02462641960549905,0.05186345426712813,0.018064919530230705,0.008385744234800763,0.05359255277455155
2004-11-30,0.04046273876782336,0.08673848007161378,0.06831248961937098,0.09257216211942221,0.052269280130673224,-0.035881874403587366,0.012056557672536883,-0.007976410366848485,0.043032605060370877
2004-12-31,0.03402802916688219,0.029599682759381185,0.04386226059343046,0.04802788529159829,-0.027719259341390412,-0.09353230054131079,0.014907651715039494,0.009201122169527842,0.04853393711053999
2005-01-31,-0.02437831680142255,-0.04172339208984266,-0.018347751687422642,0.002539530893563846,-0.03615007412475757,0.06769157430580397,-0.0012998830105290793,0.006279473814842396,-0.08397016834911775
2005-02-28,0.021045976487742646,0.016938441078386823,0.043211311253147366,0.08724845267093562,0.03088026502602914,0.07351809896736783,0.014707796433684805,-0.005903197428244966,0.03066881731052562
2005-03-31,-0.017705828865967832,-0.02862675576786844,-0.025123311239424906,-0.06608622288206589,-0.01675657064156999,0.07803503131911205,-0.029079014879425436,-0.005136009130682795,-0.015497829345399228
2005-04-29,-0.018967681115799495,-0.05726892488954338,-0.023510777756969525,-0.026844641366508548,0.014123964048091464,-0.07803775591597983,-0.009749910823986352,0.013533959597638923,0.05319275723093497
2005-05-31,0.031820734128706896,0.0654512172615811,0.0004843323364971397,0.03480659721311041,-0.03947974217311234,0.0034013316934560223,0.017757321059302278,0.010818747026689834,0.034660550692669156
2005-06-30,0.0014193866903045027,0.03857065774142354,0.013268830270087628,0.033975027498914345,0.043738765727980855,0.07016298099682161,0.019623522009280858,0.005452907811777319,0.05027303885701073
2005-07-29,0.03718788340550927,0.06335550296553016,0.030656709622185918,0.06989898370556591,-0.013088404133180243,0.058482627149883726,0.017484540323720932,-0.009095384516056071,0.07136288502238886
2005-08-31,-0.009122973797782152,-0.018540469539417903,0.025264906637132434,0.008563405303952942,0.012563983248022215,0.1570949181465624,0.001907938794334374,0.012811324135459712,-0.03656291112397958
2005-09-30,0.008094936984867518,0.0031366078388861407,0.04454188223513533,0.09311496462091617,0.07835477941176472,0.009478642419343375,-0.00997553408832963,-0.010301153954404674,0.005956584569433598
2005-10-31,-0.016670902434935853,-0.031049360651151048,-0.02920397171691358,-0.06536234803345053,-0.008757724270189726,-0.0994207343044553,-0.006980624944269653,-0.007913937956026462,-0.023659829564475543
2005-11-30,0.037822381083310486,0.04854597736982891,0.02445381395112234,0.08272397486648342,0.05995399729142936,-0.01647527880513433,0.005220960810724096,0.004422604422604559,0.042135355706950595
2005-12-30,0.0003497096350304485,-0.004570197231335338,0.046533840801745496,0.05910665807107818,0.048511397744787965,0.03801793180719826,0.00858834639238415,0.009507501630789283,-0.00200048589178492
2006-01-31,0.026478595718084197,0.08967201439081696,0.06140101148809318,0.11169609079445131,0.10038684719535773,0.05141515006219288,0.01595495666476876,5.654007075595047e-05,0.07305351071939281
2006-02-28,0.0027142363243253254,-0.0027531066673018856,-0.002214140521664132,-0.0011866872882667634,-0.012919669537704404,-0.0838367282196344,0.006675301384875931,0.003319522182646306,0.017890824616509482
2006-03-31,0.012448602555591659,0.04851704835671322,0.03295901075529528,0.008809172809172816,0.03935535571186888,0.0640980322846707,0.005987727632620565,-0.009812918598660514,0.05050547502426128
2006-04-28,0.013423944535371879,-0.0001629023328737489,0.04775900823325596,0.07121432058513744,0.1212713098603615,0.07291664312718771,0.0061611490973485505,-0.0018129344335596764,-0.03716392741062413
2006-05-31,-0.028779359912528335,-0.05616020964763668,-0.038834478627400415,-0.10478917872365368,-0.014103876656021086,-0.00048653498628858927,-0.00013444638644777296,-0.0010669316349301017,-0.028466237893538637
2006-06-30,0.0013530192469568547,0.0064293965157180555,-6.586981085221488e-05,-0.0024438258686586556,-0.04548977061376325,0.02132524154207638,-0.00350830012468506,0.0021198359573098013,0.05202593066838079
2006-07-31,0.00616803246984321,-0.032538653759900504,0.009898857843584352,0.01411499523050308,0.03393683526832825,0.0280043328003301,0.009789128914731382,0.013521979318368738,0.0337300536256111
2006-08-31,0.02379817426024733,0.029607334484016423,0.027496305811103516,0.025473798139955095,-0.014840989399293347,-0.06498771696022865,0.016217792193593095,0.015308293129329797,0.03784922043238215
2006-09-29,0.025768241030929895,0.008325548439194641,0.0015455648636704122,0.008328210261739022,-0.046229874063446474,-0.08117106133067731,0.014177784153397432,0.008783997469955729,0.018481327486367105
2006-10-31,0.032583496429774206,0.05757747359860188,0.038893981355072826,0.047496544185329004,0.013872639144242083,0.0027356425489366565,0.013602395153115232,0.00661488662993448,0.06264106952402226
2006-11-30,0.019020159289107275,0.026305150010006884,0.029884124220337815,0.07432158184593995,0.06824925816023741,0.08021685646655352,0.01680388873383576,0.011601199050103261,0.04648633737739183
2006-12-29,0.014026689673406478,0.0033486155991233613,0.031391197158227246,0.04502909789338738,-0.01743827160493816,-0.06472053574317105,0.010979333691686577,-0.005803348085433924,-0.015632382014497903
2007-01-31,0.015122613934212437,0.016734361721397972,0.006766698036928531,-0.010557726152440217,0.025914873566828867,-0.014825422521082765,0.011165537291989658,-0.0004103088154461254,0.08421298732865679
2007-02-28,-0.0195611912454543,-0.007935044728987761,0.008070727484579265,-0.005936129802876944,0.024724433557868908,0.049794250242265026,0.013984605745994916,0.015420003407735416,-0.022392029607787967
2007-03-30,0.011186792782358346,0.010705386257281457,0.025489824749292067,0.03967493569895253,-0.008291626204526836,0.04375561605472589,0.0010592051547984038,3.050896582257323e-05,-0.02386884379336207
2007-04-30,0.044293038561533216,0.01796242738372178,0.0444334538291562,0.04744449898110181,0.02206990057246183,0.013562906550740772,0.012994599360740766,0.005392295195747021,-0.00019809667914305606
2007-05-31,0.03489773978594779,0.04095547629371854,0.017524926733896606,0.04854053711386741,-0.026457366054978282,-0.00804275983003977,0.0074747848415279705,-0.0075785161583977745,0.0005227204162647769
2007-06-29,-0.01661234360214492,-0.014628736748642512,0.0012203768987248953,0.04687840846422531,-0.01642694928084787,0.039316006867127884,-0.017959739081601755,-0.0029582406494370606,-0.09068690378809152
2007-07-31,-0.031006094301293752,-0.06839471555797116,-0.01472641818080267,0.052761417033401425,0.022550604171476918,0.054766207640978726,-0.035410686989321816,0.008341383381633705,-0.07802192270146524
2007-08-31,0.01498841443230714,0.022665868970896508,-0.015628859633848524,-0.0212504605403131,0.013548095739876587,-0.03999875954808796,0.013635379020213723,0.01225650461519745,0.06571327168077423
2007-09-28,0.03740036787247081,0.01716469702745771,0.05350131125623481,0.11044139444805068,0.1044111094608644,0.10262182417262955,0.026172828397575065,0.007586341580663181,0.04405763267633733
2007-10-31,0.015907147527790544,0.028690600058766114,0.039290414029278464,0.11152043369247022,0.07154384077460985,0.09737005454715231,0.005995440396334706,0.008982884064885566,0.011205700996394397
2007-11-30,-0.04180849703136147,-0.07180586722770954,-0.032883094437451854,-0.07090657943101686,-0.01662901606425704,-0.03557924947022406,-0.02169247028316801,0.01798313988282141,-0.09069569694181989
2007-12-31,-0.00693696874703964,-0.0006240055483425211,-0.022507507682505756,0.00352694313761881,0.064003573479676,0.05567945299807775,0.002917854597291436,0.002808764506506689,-0.05028338061177717
2008-01-31,-0.05998100796538075,-0.06819426807671347,-0.09237926230925297,-0.12479539607436874,0.11083123425692687,-0.002935252364508756,-0.01334754702733909,0.016798147209958758,-0.010256848792108197
2008-02-29,-0.032483048111075274,-0.03706693776008618,0.014327877179615367,0.07381418800783579,0.051614296512255686,0.11736124580441754,-0.013640660874262855,0.0013879892662163051,-0.035582260216569406
2008-03-31,-0.004319469077178284,0.004188920448264799,-0.010522884846182357,-0.05292021664745483,-0.05852756956566385,-0.015983159207859088,-0.0034459151072568917,0.0034118533471703127,0.0623138640636538
2008-04-30,0.048701889466678194,0.04187060725437464,0.05427780480409061,0.08115278676402626,-0.042916348565819606,0.07796828586079196,0.043096933751631594,-0.002089738322258894,0.058592356994843664
2008-05-30,0.012953568966225681,0.045936801260307636,0.009739655108197853,0.01855382990772325,0.010198849068429272,0.09085979527561228,0.0036113367434305044,-0.007332950003904215,0.0077082057736999054
2008-06-30,-0.08430471038990306,-0.07698782145342531,-0.08178872884429766,-0.09975410474520097,0.04388042865200226,0.09690776434273296,-0.027955507431833837,-0.0008080779187346065,-0.10875523887934557
2008-07-31,-0.008407704765514556,0.03700634411788495,-0.03209493011245845,-0.03772004478280999,-0.012210935811540868,-0.11892550958555137,-0.01332208157524617,-0.0008158883521203197,0.03471076474687962
2008-08-29,0.01446591772199013,0.03614392496112284,-0.040523777023537266,-0.07987539162962876,-0.09074499507712508,-0.06845970594541695,0.003500929399824493,0.009490656180386914,0.022091943831425542
2008-09-30,-0.08910561626205626,-0.07968040214548633,-0.1445901552673381,-0.1750027167663657,0.04788545990495097,-0.12132778653291076,-0.07977454033046205,-0.013431628540614082,-0.0019327063520495624
2008-10-31,-0.16795061887570917,-0.20802932881659753,-0.20178169089264342,-0.27367736375406904,-0.16889603306734025,-0.27766911964412266,-0.15906789498382268,-0.023604208769948953,-0.31668203340344414
2008-11-28,-0.07175186110626863,-0.11828683319803523,-0.054052912585480506,-0.07527649649731283,0.13013745941838772,-0.13085673729200087,-0.09313185602890006,0.03254984863105026,-0.23055367176052644
2008-12-31,0.010642145679149673,0.05804084120694908,0.06012181373734515,0.0779912613300171,0.07823482672208293,-0.10651075398186594,0.07683588373411077,0.0373091739192466,0.1639232341222272
2009-01-30,-0.08428884086498101,-0.1112214210158804,-0.0981328747411645,-0.06458073014359744,0.05192449407629951,-0.036766770380302516,0.05993984962406018,-0.008823327143937743,-0.1730783566717542
2009-02-27,-0.10647796709532442,-0.12152355349228916,-0.10259214146453466,-0.05640956829304322,0.01559519318855429,0.00010410315135112036,-0.031027438072808833,-0.0037744489235188583,-0.2082439741886506
2009-03-31,0.08759799468389362,0.08926703486903143,0.0633764949741118,0.1437096854083748,-0.02437600815009766,0.06628003806804661,0.0318891931067804,0.013901367153493105,0.04061832379000485
2009-04-30,0.09570913703228201,0.15458261209810908,0.12803960509091805,0.1664065850704315,-0.033882634470005946,0.0204225077121325,0.12104658257303802,0.004780909334450634,0.31019559627638604
2009-05-29,0.055931617174761694,0.03014900124480624,0.11830713002360649,0.17086889084517587,0.10243188471065068,0.21103026393474877,0.06728432563791009,0.007253460946846646,0.021567950912802836
2009-06-30,0.0019853339304933826,0.014687770397820543,-0.005689440592218986,-0.013471075394649645,-0.053800118466471925,0.016169623047355586,0.028639533228973946,0.005687679860998163,-0.037322439285691233
2009-07-31,0.07563344763632962,0.09631068588964653,0.09130159143001126,0.11244630119856036,0.029681597409606075,0.015970076651925513,0.06086074314898715,0.016129685369903113,0.10472812921795249
2009-08-31,0.036103478859524474,0.028674601477680417,0.0543602607338205,-0.003578316094220102,-0.002945492662473792,-0.007914177089550445,0.01864852528853067,0.010354400786376505,0.13389514055631868
2009-09-30,0.037317721428058226,0.05767699291231976,0.038286029131288535,0.09076979491343429,0.059409791944827095,0.019747150094648003,0.056948385857853,0.010504657415381091,0.06395159031592246
2009-10-30,-0.01857622658495195,-0.0678949647058823,-0.012493706883648814,0.0012375155011037364,0.03746154609506802,0.07360377570513532,0.017946543927648495,0.004937516669810904,-0.045043821481328794
2009-11-30,0.059982242292743404,0.0313901508297576,0.020020723446706024,0.0429528672218753,0.12834664498541293,0.03173459364583486,0.010074367873078804,0.012946659761781554,0.06910574101939648
2009-12-31,0.019315685534870175,0.08049426246552449,0.01440269736504396,0.03949374032962227,-0.07006434220899782,0.02350294786703966,0.032807806333811085,-0.01563139059304708,0.07149719736373172
2010-01-29,-0.035972789115646164,-0.03681136571620136,-0.04405678216635145,-0.055771988386102755,-0.014384947765683997,-0.07334056394997535,0.012651129191696642,0.015275848189360675,-0.052105606008353456
2010-02-26,0.03097549960483237,0.04504580438183847,-0.006856528328801348,0.0035176001332068996,0.0336570477247502,0.06446430591695895,0.0017458395517133685,0.003734325743188549,0.05338518506540746
2010-03-31,0.06034704616513431,0.08138853283021041,0.062423730667916066,0.08073377207573862,-0.0038833561502875646,0.02449351091048224,0.0313516045912392,-0.0012295264730428634,0.1018443613812372
2010-04-30,0.015786375278856513,0.0565942433845803,-0.018095210433065168,0.012115750784622792,0.059088255108915355,0.037313334301596335,0.023439416376702216,0.010409623799257472,0.06941992864218127
2010-05-31,-0.07985053760707661,-0.07585332150560853,-0.11506026364335542,-0.08795778233785712,0.03161073085502486,-0.11228113561272945,-0.03593399082120885,0.008414872798434558,-0.05545321904067113
2010-06-30,-0.05234864473640588,-0.0774940011123133,-0.00997328908863837,-0.007349063376791531,0.02144207843459678,0.014305817576245605,0.012449011537434496,0.0156814383102859,-0.05017012549427413
2010-07-30,0.07006057496662255,0.06871935257558492,0.09482898860333289,0.08327369355199954,-0.049405173940340386,0.0598412284900145,0.03556000181892616,0.010668852620679514,0.09522461182818653
2010-08-31,-0.04514002397297601,-0.07403787323040989,-0.03104919650566873,-0.019419565999709287,0.05622353937341251,-0.04886920765459435,0.00036007552803751786,0.012867501326389474,-0.013879902844657566
2010-09-30,0.08924139111580276,0.12459598844021746,0.0979870781819181,0.11112758044521098,0.049013949013948954,0.0939614794395407,0.03013010728144283,0.001065693694344505,0.04467273560844709
2010-10-29,0.038052332434060476,0.0409215808645127,0.03612810060002691,0.029036176980645534,0.03886774573188445,0.03313897272114619,0.02582283659172635,0.0035605595852428173,0.04701330992749164
2010-11-30,0.00012616131490372773,0.03467370179027429,-0.04814429554951383,-0.026398503715062693,0.019736648521406552,0.02070334656834949,-0.011680845407417428,-0.005747401982523992,-0.019580993775382693
2010-12-31,0.06683183304403983,0.07940774476231827,0.08097514314800014,0.07135940234658156,0.02537097018532286,0.09723186996387878,0.018131840419630008,-0.010783669582095201,0.046568891719553474
2011-01-31,0.023700627633862936,-0.0025767481832197348,0.02359795238883855,-0.027129322863532535,-0.06241733502180946,0.037082759603057625,0.022060948323549656,0.0011638535128877248,0.04124908057185439
2011-02-28,0.03425891702088335,0.05484157130830747,0.03297143795458268,-0.009325568288559127,0.05901641804484181,0.054314317980648896,0.013102729600698027,0.0025015063815800875,0.04582882243373443
2011-03-31,0.00039757878984159056,0.02591601341230665,-0.022411576314374515,0.05879432399146589,0.01478746997513003,0.0503293044799884,0.0032373039477566756,0.0005524794793336785,-0.012808228596573268
2011-04-29,0.02961454649376627,0.026405853215409447,0.05977287455491975,0.03101855108255913,0.09181678536517235,0.0457126319561203,0.015498454128549666,0.012693943678209862,0.05113541390400078
2011-05-31,-0.011319478176393227,-0.018748575218655583,-0.029545623777299856,-0.02622889929206873,-0.01788706273581886,-0.06791075264565949,0.004875987133029058,0.013050121333772813,0.009991836907778273
2011-06-30,-0.016669152417465805,-0.023055989550824774,-0.012520780775893248,-0.01538201059848554,-0.023148600339903513,-0.054308175211379095,-0.009735809084678193,-0.0029277294423118994,-0.03070972346868639
2011-07-29,-0.020333145972181277,-0.03614505474994989,-0.015900635742877256,-0.004441870592800656,0.08456985161780572,0.025760633923899157,0.011593336584291514,0.015868025483752435,0.010523716806109418
2011-08-31,-0.05432406833995107,-0.08700245130395245,-0.09029135273132727,-0.08936480824730808,0.12199993853907376,-0.0166015625,-0.04002612427691732,0.014609963037143903,-0.055963847416723445
2011-09-30,-0.07029632411714304,-0.11210199611036964,-0.09528681518108417,-0.14579422680442333,-0.11052011722494592,-0.12404215269234764,-0.03268863187222615,0.007274610802566972,-0.10973479254381435
2011-10-31,0.10929205144008414,0.15135819802537198,0.09642102325419133,0.1324554694498774,0.055986303647639124,0.0963790186125213,0.059925313148905035,0.001074169090212962,0.14277207674966585
2011-11-30,-0.0022084125109136377,-0.0036451452585900546,-0.048511459692216374,-0.06664458001939721,0.018458039307167384,0.015525649731464863,-0.021557955272575202,-0.0008675452464799172,-0.03758723995380686
2011-12-30,0.010228910475976516,0.0066056739768258765,-0.0094802314045902,-0.012052391764708847,-0.10389669882898611,-0.019923406583386538,0.02656224769901505,0.010990831452971861,0.04794979525777121
2012-01-31,0.04481365855466102,0.07065099102741379,0.05334364889576593,0.11342515082265048,0.1104536363113533,0.02445302445302433,0.030357845064883815,0.008780702795246897,0.06358286859156959
2012-02-29,0.04324175751100556,0.023932338928035035,0.05737812190346969,0.05990091149425214,-0.02359359175029918,0.06481201186656183,0.023753911915121106,-0.00022964942055525572,-0.00910982129854998
2012-03-30,0.03290796054784284,0.02562214824075837,-0.004647708730114664,-0.033378874037725326,-0.01686154789127503,-0.021023454157782506,-0.0013942529935432324,-0.005479237164690787,0.048408497809204754
2012-04-30,-0.006273990298971022,-0.015446657970723088,-0.019573459475097366,-0.011953539960476323,-0.002038186014447163,-0.005561121517039136,0.01046776421398432,0.011086449519474462,0.026729759686483945
2012-05-31,-0.060101348833743184,-0.06618974719191917,-0.1148104912499579,-0.112144851145772,-0.06261600840967108,-0.1294825370867888,-0.01305629650428175,0.009048261106963329,-0.044107221047108736
2012-06-29,0.04120251073670289,0.04989987317942379,0.07011126218986208,0.038595965607442384,0.02367174833868413,0.005434417980543449,0.021112525267650062,0.00039203560345879573,0.05965900975715255
2012-07-31,0.013888712618295163,-0.013819084088369848,0.011339975188680684,0.019507782418382025,0.01072334032364064,0.06068997731215808,0.01902632157782813,0.013793141513547491,0.02169961547422594
2012-08-31,0.02252338710350421,0.03334718737046671,0.026856735258516284,-0.0033300476248326882,0.0478576471899812,0.06166839671605162,0.011706299240925366,0.0006533243319759574,0.0011967347046468735
2012-09-28,0.025842650779400955,0.03283822857848384,0.029580162714575975,0.0603417085117004,0.04752194343470162,-0.013777165459312846,0.013917731061360517,0.001376526148556101,-0.012332339756289779
2012-10-31,-0.018465112393741934,-0.02169480483549846,0.008323664559129584,-0.006072163140820153,-0.029115531104528136,-0.042044071921049087,0.008781712714545309,0.001966867518975901,-0.0025119402928182044
2012-11-30,0.005799368594250787,0.005313200000426788,0.024164176494293477,0.012697246148406949,-0.003295266323773083,0.01930253708407803,0.008003003733807912,0.0015779969741502864,-0.002717931276940533
2012-12-31,0.009114279037158113,0.03562512622318725,0.03196852147444229,0.04889448191466528,-0.023108141202812904,-0.0053380509191599534,0.015754766437656942,-0.0014239152797478338,0.03647547147399144
2013-01-31,0.05179601028573244,0.06259278022800019,0.05274782195811545,0.013788037182493662,-0.006953770853851404,0.04452658603730386,0.013405226272613646,-0.006994182358394996,0.03657355376789306
2013-02-28,0.013575485164151191,0.011031134461816583,-0.009485215228280608,-0.01256320860078819,-0.050543968263509154,-0.04021499326295208,0.005079407625812715,0.005012312379538031,0.012409545310265502
2013-03-29,0.03750299634445975,0.04617389356709789,0.0082100106937113,-0.017224513454478285,0.011325580364773602,0.010552135881890079,0.010180814465157173,0.0007986222408145061,0.030075545543094773
2013-04-30,0.01926680023826277,-0.0036744630065068673,0.05210706994673875,0.0075370302139647904,-0.07561189358372455,-0.04672925730860222,0.01809061809061796,0.010118666333720494,0.06330666949378605
2013-05-31,0.023390073031996694,0.0399681360675046,-0.024147477826510166,-0.025655286718790027,-0.06020816544886953,-0.014380885273204802,-0.005795560626491114,-0.017841980244843625,-0.05900122942680086
2013-06-28,-0.01342811459580684,-0.005116091262266198,-0.03552901395433572,-0.06365859993321332,-0.11044098573281447,-0.006759172001429947,-0.026225531748412134,-0.01546854310071244,-0.021880028129755758
2013-07-31,0.05088646138087327,0.06998353326027074,0.052768941235007194,0.010448386752625272,0.07333965152730193,0.04472435792573215,0.018956743002544574,0.0013671907564567487,0.008287869588576635
2013-08-30,-0.028961318147223247,-0.03176234231228525,-0.013226789664505745,-0.017176846250785305,0.0529783332201319,0.028826882124514563,-0.006078687792023474,-0.0051116402204499645,-0.06622236547065774
2013-09-30,0.03135828612287539,0.06380369565105992,0.07392534513572602,0.06502940849220584,-0.0474746823195511,-0.03751617076325997,0.00993084114621201,0.009466907662784019,0.03434223467626718
2013-10-31,0.045967241965482186,0.02514606104781847,0.03362439373886339,0.04858347725155476,-0.004491997923297464,-0.015623023402909553,0.02505433786367095,0.008084972340884233,0.04334865512688024
2013-11-29,0.030473950715243836,0.040064038877503094,0.007658717634227097,-0.014622378333512098,-0.05268846461989629,-0.0038552978217566425,0.00507743892703183,-0.003744189106218876,-0.048655503729338134
2013-12-31,0.025317590886038577,0.019680206294232727,0.01496312742843564,-0.014457938861620279,-0.04125743008736571,0.01962523382571102,0.005394929147868099,-0.005651147562633074,0.0057822744998801134
2014-01-31,-0.03457604830512828,-0.027680103046559323,-0.040266568747704956,-0.06493476170564128,0.03570953030857815,-0.01586297426813643,0.007015592311921948,0.014775381005611266,0.03312028308456516
2014-02-28,0.04574579421734182,0.047111252525912084,0.055593318300594996,0.033125476228850204,0.065758707966735,0.04400732812650654,0.020228583622567076,0.005316944420207692,0.046666991377195766
2014-03-31,0.008403587283188685,-0.006816173449721741,-0.006373761541116241,0.030695956155121218,-0.031951386847005825,-0.0012114327231530497,0.002362320980363153,-0.0017032725615809818,0.003532500081020684
2014-04-30,0.007391475658492963,-0.038780838789893135,0.014455269188157205,0.0033397997541340096,0.005911168916129972,0.005631441134179127,0.006333775224628191,0.008438520514896464,0.029944155912981385
2014-05-30,0.023476235568129056,0.008012879252450311,0.016240367383083987,0.034906549005998766,-0.032455868689996836,-0.004412186154716169,0.009196916471506666,0.011385311708604906,0.029140302779363303
2014-06-30,0.020656324616626698,0.0532070768682944,0.009641951050583186,0.026568221743334508,0.06213590679213876,0.01376163735776581,0.008357707462109287,0.0005167738395230881,0.01066516673111706
2014-07-31,-0.013791530834586063,-0.06052907959270304,-0.019621696085540652,0.0193369686950029,-0.03370676470809819,-0.05598324860455661,-0.013334611857915957,-0.0025079872204473164,0.0003176917184495309
2014-08-29,0.04000639417216889,0.04958568159462029,-0.0015382538442085814,0.022535015993203844,0.003687850365276635,-0.017349120078236635,0.015847273345724444,0.011039401267289195,0.032749718340985945
2014-09-30,-0.01402284716770874,-0.060494505793544096,-0.038439418638309464,-0.0741213076694307,-0.061499860174626275,-0.05994758698808522,-0.020933611571186783,-0.006789970274080459,-0.05605312383090155
2014-10-31,0.024424803396200012,0.06591926103662038,-0.014520910943562226,0.011789427438757771,-0.029143732152464574,-0.06042549634856009,0.01189065725348426,0.009829302911578797,0.08989089122017146
2014-11-28,0.026894094820909986,0.0008963620346111867,0.013603432510375102,-0.01057540007646518,-0.004740225416474786,-0.10652492994707108,-0.007284732239315916,0.007096230785428537,0.0233674426723105
2014-12-31,-0.0025192116349471716,0.028499889322048277,-0.034641647698884226,-0.046087232530378164,0.014553958436841263,-0.1327264204168327,-0.014481827798786484,0.0009356639555062607,0.01256253908692928
2015-01-30,-0.030020374379218118,-0.03216593676517854,0.004888147679567689,0.005995201234918923,0.08394336229387789,-0.06802065420940717,0.00660703269586671,0.020967480821152407,0.061657906354378955
2015-02-27,0.05747371645497612,0.0593663058058056,0.05978065370591401,0.03096294240350539,-0.055001207362574744,0.0809891142008099,0.024103547811804793,-0.009401438348456748,-0.030393079151976643
2015-03-31,-0.01581566410271007,0.01742125293307817,-0.015191284441710251,-0.014220372886368238,-0.02440693054616805,-0.05838211764259027,-0.005475631941784687,0.004642060475875676,0.010117456310984263
2015-04-30,0.009594588557447992,-0.025502735707524482,0.04082883574466756,0.07691317172291767,0.000675921153797443,0.1233735620157872,0.012070594323330575,-0.0035875269193011983,-0.049485930589829974
2015-05-29,0.012858622825877575,0.022830086640039493,-0.005117659122509721,-0.04004643560115306,0.0052432939030877534,-0.014567366495730316,0.003032194773923136,-0.0024088927862172538,-0.0022127570128632756
2015-06-30,-0.019359166114135018,0.00748846181121432,-0.028333519298451293,-0.02596921746045755,-0.015311864805389042,0.0036415892724563914,-0.014883969058415492,-0.010904973164148513,-0.04116485728235075
2015-07-31,0.020952081449742588,-0.011621847548023756,0.020763306480650723,-0.0693194529541713,-0.06529619994029079,-0.1413886764709219,-0.005824518333995221,0.006952830533904164,0.049871515288270274
2015-08-31,-0.06033420606807338,-0.06284096489037883,-0.07356342440495833,-0.0904479401337206,0.035709070998357406,0.006511903251723128,-0.01741856608524084,-0.0014380720489671761,-0.058197253878061184
2015-09-30,-0.024743563477429453,-0.04906304460311406,-0.0507761207545927,-0.030081784670499823,-0.01748125435048875,-0.05648185102718151,-0.026024342769852438,0.006763993303594562,0.02132999027861726
2015-10-30,0.08435452653515085,0.05634034369200269,0.07816880489671685,0.07133198916909422,0.02423122797263,0.011429382446004777,0.02749125680641029,0.00017041669463901954,0.0647108587909555
2015-11-30,0.0029731384304618746,0.032528702406923626,-0.015555274012134634,-0.03900755675554768,-0.06771676983828168,-0.07509822696206303,-0.022225641656921313,-0.002643590326111611,-0.0017051298867158948
2015-12-31,-0.01577196072977516,-0.05020990373525125,-0.013474313823224171,-0.022292082977287353,-0.0034467537590278097,-0.07287817938420349,-0.02518585664016515,-0.0032304156053922783,0.013104902842127064
2016-01-29,-0.04962319447351893,-0.08793444963805808,-0.07231512772090243,-0.06487276931840413,0.05382150598435609,-0.03524443931051291,-0.016072789265003995,0.013758180118417007,-0.035196044369786406
2016-02-29,-0.0013491338010330756,-4.4610055631277845e-05,-0.018318991975536103,-0.0016365034830249092,0.10772574024557113,0.00985139755477804,0.00571638587901746,0.007095686744642338,-0.004278780066601318
2016-03-31,0.06783731176214358,0.07981155548880547,0.06506623495331976,0.132326023170805,-0.004779319754252609,0.06517142574844392,0.044446619681545174,0.009172118387986261,0.10171169052442064
2016-04-29,0.003878020505485358,0.015694709723395706,0.028950885327936327,0.005435840355666022,0.049304400730074915,0.11436902089555923,0.03915002093082842,0.0038411711035049034,-0.018136298910351623
2016-05-31,0.017957218508640294,0.02252470714475674,-0.009083458685616441,-0.03730363717661478,-0.06046245545136175,0.02924194036186889,0.0061749550557068655,0.00025610252135432887,0.023136088067416738
2016-06-30,0.0025922510390481435,-0.0006303634669989622,-0.033568050050565734,0.03996719668776261,0.0876970674390285,0.008319270190270123,0.009202600631035285,0.017967769466338712,0.06918945569540624
2016-07-29,0.03686800849753413,0.05970670510550824,0.0506797525808933,0.050323615675126776,0.022225584386110775,-0.0926043760961629,0.027036308945785237,0.006322465465628424,0.038891123826907625
2016-08-31,0.0014047845308431395,0.017684153489172072,0.0007114032790538349,0.024851935075070886,-0.031311053223610164,0.02596679385376932,0.020922456039204285,-0.0011418713948962989,-0.03474947435098674
2016-09-30,0.00018688004970535133,0.01113825813215108,0.012283073220386465,0.01285908006920522,0.005271320198323659,0.04670484308229561,0.006663692476239325,-0.0005887605608926316,-0.014809740874441535
2016-10-31,-0.018240452699062937,-0.04753981168937138,-0.020453402759825323,0.002383810315237378,-0.02937980195612022,-0.007814064767841633,0.003859552673357358,-0.007648577796541933,-0.051101779950321724
2016-11-30,0.03703511464720988,0.11151207141189867,-0.01991625364961591,-0.04603125285570675,-0.08143531604043186,0.04313331840065482,-0.004744421532632548,-0.023651924408825686,-0.024222747567573477
2016-12-30,0.019765332850302686,0.02801951677371939,0.03419410513727872,0.0022078150983591005,-0.021905898397545198,0.0556252170478313,0.01845613089422682,0.0014086005705338245,0.04462868612822457
2017-01-31,0.018966218395479073,0.003944422345494081,0.02900823769164207,0.05472357586189225,0.05509368191721142,-0.005961768339845963,0.014521597706535827,0.0019631951507055323,0.0016594689322406708
2017-02-28,0.03970815241948622,0.019298897769492118,0.014299461852494755,0.03061206735307298,0.03115501519756836,0.01614329383826396,0.014552845086648558,0.0067213735639439776,0.040141420249743875
2017-03-31,0.0011648095161407301,0.0013085254817652991,0.02752787359257014,0.02524368960517953,0.0006087597321458027,-0.03479687733081405,-0.0022282093445530338,-0.0005266959609944166,-0.01573725170435636
2017-04-28,0.010270569233243876,0.010966556158332752,0.025444562969080486,0.021892060825993598,0.015273775216138263,-0.014058893834487218,0.011547071359934824,0.0077189073078680615,0.004332081298521473
2017-05-31,0.0140725262932897,-0.020344094440199023,0.036705269123503026,0.02956405904217596,0.0005046204308196689,-0.01283290574397944,0.008692791033370284,0.0076946446269465785,-0.0012732752519705182
2017-06-30,0.006241746140312365,0.034568280834156306,-0.001769475469207693,0.010068422755065809,-0.02152223938467368,-0.014495016593710774,0.0013521334245276684,-0.0010032915871776016,0.019629283692721877
2017-07-31,0.02056276130951895,0.00742946947724854,0.028846379025531776,0.059608211785928455,0.022414445759940893,0.04212934740867458,0.011075675022461207,0.00430413939474894,0.012650932284321348
2017-08-31,0.0030620622633290573,-0.012722025261821535,-0.0003764493299203142,0.02230663349522999,0.04095506680110916,-0.005310965946426438,-0.00038974199080210603,0.008965473076487429,0.006420382406779668
2017-09-29,0.020627748382813005,0.062409046667371015,0.0248795346384989,-0.003976683474591458,-0.03154158752260816,0.034465964083273626,0.008977957995425223,-0.00476025407550984,-0.007932542234585394
2017-10-31,0.023334840434781512,0.008524350205198372,0.015185049092913516,0.035056381753902244,-0.0064856417268998046,0.03965360072926161,0.004224909447825054,0.0005788683614100787,0.0012745911353400086
2017-11-30,0.03066954816344558,0.028819313558716253,0.01048989898989916,0.002006138668698698,0.0027999528097839566,0.021956342649021243,-0.002555064723175682,-0.0012845404090918722,0.026542964022509885
2017-12-29,0.011118352652732089,-0.004036110219705846,0.01605048722908342,0.035896838204875214,0.02179590748307847,0.04284902782982947,0.003024551332500014,0.004590038389411966,-0.002932084708768934
2018-01-31,0.05725373890223229,0.026134324574588863,0.05015864166659845,0.08334744365525659,0.03249923242247488,0.031862235441962206,0.00599496402508759,-0.011517956185831513,-0.02945159223736582
2018-02-28,-0.03685579028924679,-0.03872174320926236,-0.045135099265366074,-0.04611992909055773,-0.019945879239335773,-0.02880843224914742,-0.008497904835700454,-0.00947696262606279,-0.07271209755394303
2018-03-30,-0.025414037817746205,0.012933753816212201,-0.018024750305781323,-0.01859256017316757,0.005438781470215703,0.02154805911845581,-0.006041162165358216,0.00641335975204993,0.03709864146181929
2018-04-30,0.003837090847233604,0.008645291454154602,0.022833354148453333,-0.004424936717967842,-0.0076123366629446965,0.05039795997218133,0.006507210692930032,-0.007438705070221374,0.00520854305132179
2018-05-31,0.024082233142822096,0.06070068268203821,-0.022478294208912786,-0.0354338136322514,-0.012832696006507605,0.01190721411125728,-0.00027751796157915454,0.00713472030697293,0.03601944685301284
2018-06-29,0.006154453658261394,0.007165661590907035,-0.01221624502439922,-0.04154754258870463,-0.03535590792523746,0.012483720273270826,0.004014846191807919,-0.0012303051950629529,0.041839789617322154
2018-07-31,0.037214787238615266,0.017428409022305802,0.02461494364309247,0.021968160011456517,-0.022712757464473765,-0.046375223875085414,0.010910915523606235,0.00023841691170622958,0.0060737725275696874
2018-08-31,0.03258401862355775,0.043109981414631626,-0.01931235128205966,-0.02704040880576586,-0.018788547155168867,0.008295470191380883,0.00737945705024301,0.006435722231050489,0.02776909181812859
2018-09-28,0.005692049975570601,-0.024052208679472886,0.00867846391859839,-0.005306099914545559,-0.008550139449694072,0.03753243095620107,0.005565694806859867,-0.006438975290123938,-0.024472194076867515
2018-10-31,-0.0683500421624661,-0.10861645212649518,-0.07959176883536001,-0.0870831629002462,0.020052398226521495,-0.06161483428237702,-0.015984680306393884,-0.007900996687639994,-0.026453615891640747
2018-11-30,0.02037809922357625,0.01589493473972947,-0.001259748592497556,0.04121073382333296,0.004741677368369057,-0.10912808420462095,-0.008602336299013635,0.005966682684606761,0.047523254644388
2018-12-31,-0.09028985692409619,-0.11878603938210508,-0.04854430425561174,-0.02649220149305831,0.05077344082849944,-0.0791892157827413,-0.02141312258474548,0.018371083953664158,-0.07889858457316845
2019-01-31,0.08013490576258664,0.11249848076947955,0.0657197254276165,0.08755797623968431,0.030222457874915287,0.08966200765104415,0.04520362844094361,0.010622495846770441,0.11579781448753135
2019-02-28,0.032108447274422636,0.05198782892295584,0.025490972950977575,0.002247445621287758,-0.0060018921475875064,0.04524738226634062,0.01663100612826751,-0.0005801754063646802,0.005415450017524082
2019-03-29,0.019431331650016537,-0.020929254102809547,0.0063070071475932465,0.008392424029452172,-0.015944324307860858,0.01824335576420144,0.009404296008596047,0.019200441189276107,0.0444840842060259
2019-04-30,0.04048929642013532,0.03397058831166344,0.02811545026745743,0.021052900060264612,-0.006847831133258153,0.02839504750935795,0.014219166577145836,0.00025630924184683046,-0.002317202736212276
2019-05-31,-0.06354802750682498,-0.07777265065119743,-0.04802684699232951,-0.07256233193078376,0.0171791855274126,-0.08665657226308765,-0.011886994116684146,0.01775198470131034,0.006440971506329607
2019-06-28,0.07047671159410562,0.07067727011564684,0.05932546308812592,0.06241226798189281,0.07963510470442259,0.04314750689124103,0.02279316107719387,0.01255606635645612,0.013731603789046032
2019-07-31,0.01437312232894672,0.005757329484177509,-0.012697184167552056,-0.012227901193370028,0.0030009577524741093,-0.006862454685229835,0.005635614415358647,0.0022010305243331807,0.015402740645088064
2019-08-30,-0.01584136608839737,-0.04937424486330033,-0.025905107528244264,-0.04875667087068558,0.0754006988357454,-0.06008204734884803,0.004002880178874291,0.025913282395048975,0.04140852470500689
2019-09-30,0.018710697955149458,0.020806513931015624,0.028656267019103066,0.019089599954821956,-0.03149870427130064,0.01650892312961827,0.003642488782361397,-0.005324937636874139,0.01877357147429981
2019-10-31,0.021658991543773043,0.02633636183123267,0.03592769946718821,0.042167502607569185,0.02750443126948232,0.009655288605669332,0.0027595609148389766,0.0030121566861773807,0.010826314236983103
2019-11-29,0.036299039052051674,0.04116474505111323,0.01127463427020059,-0.0013771687749579709,-0.032392811585007175,0.004125052145959485,0.00326766743865492,-0.0005117408616099883,-0.01542902449242245
2019-12-31,0.030182848232194415,0.028834516654900666,0.03249881300145652,0.07460515230684761,0.03640077050232926,0.06605228365237759,0.01999074762031605,-0.0006961442590556199,0.006134125206269214
2020-01-31,-0.0003921526740386927,-0.03207155365220293,-0.02088831454684048,-0.04661482348083412,0.047381151673729915,-0.10869998785013946,0.0002657174141114105,0.019244943820224902,0.012652418177969249
2020-02-28,-0.08231872996489087,-0.08418206771174563,-0.0903970183424162,-0.052733577601265735,-0.002183543507261687,-0.07808087406957787,-0.014102182426088294,0.017999664876400923,-0.0702565833896015
2020-03-31,-0.12351353104680352,-0.21726481895534266,-0.13346799036630452,-0.15402167538615907,-0.005366748860117676,-0.28707971119617015,-0.11459378600364212,-0.005886582576755006,-0.1868468478327373
2020-04-30,0.12819403324982925,0.13735415166450538,0.06460246347010745,0.0915725021636038,0.06931358500615015,0.005881616329214134,0.045055066137080324,0.01777739047079563,0.08829646667319158
2020-05-29,0.04762745850070993,0.06507474754391906,0.04354367743906251,0.007682156628327386,0.025953157426623186,0.1946390709797896,0.04405149214764825,0.0046535522400839024,0.017104538351713883
2020-06-30,0.019888211104706066,0.03534753502647847,0.03405047572121811,0.0735093151018773,0.02929600582568037,0.059942815459365084,0.009790815099783634,0.006302413581509736,0.02309545783618594
2020-07-31,0.056385171143966906,0.027678309027307613,0.023309625748371365,0.08936053614735018,0.10943536070433924,0.04405145583640313,0.046879315763908025,0.014935359155794359,0.03816330422015879
2020-08-31,0.0718798296822114,0.05634313291688198,0.05140964136964077,0.022105389939414577,-0.004079236383144558,0.05411672615877183,0.009507346585998055,-0.008073331720057864,0.0013658131505172033
2020-09-30,-0.03799719414747549,-0.03340354345772534,-0.025982494214854435,-0.01603961535615739,-0.041660737879865906,-0.022425330322072834,-0.010287490987743286,-0.0005468089491592609,-0.026631063668158372
2020-10-30,-0.026592646444557833,0.020944732279131628,-0.03992865927421052,0.02060291430863148,-0.003717215853050626,-0.02683777964349565,0.005076558139111453,-0.004465243905005245,-0.033546610694260015
2020-11-30,0.10946362497104611,0.18432399998983007,0.15501341279064684,0.09248701609153254,-0.054215168111730216,0.1315041962556489,0.03956023048488788,0.009811796137846995,0.09223175754683477
2020-12-31,0.038448567061827754,0.08650131649705539,0.04649607514419385,0.0735134476245285,0.06832493879962853,0.061888929806999116,0.018824759788221623,0.0013773009088511312,0.02449779841947408
