date,02pct,03pct,04pct,05pct,06pct,07pct,08pct,09pct,10pct,11pct,12pct,13pct,14pct,15pct,maxSharpe,minVariance
1998-01-30,0.0,0.0,0.0,0.0,0.0,0.0,0.0,0.0,0.0,0.0,0.0,0.0,0.0,0.0,0.0,0.0
1998-02-27,0.9999999999999999,0.9999999999999999,1.0,1.0,1.0,1.0,1.0,1.0,1.0,1.0,1.0,1.0,1.0,1.0,1.0,0.9999999999999999
1998-03-31,0.013649485655368887,0.013649485655368887,0.025053430719434167,0.06999556010470288,0.0977219717569558,0.12283475995611062,0.14598905955845679,0.11708980338452527,0.07174878071233019,0.0,0.0,0.0,0.0,0.0,0.06450166797398396,0.0020309427500642754
1998-04-30,0.017477516900073674,0.017477516900073674,0.01463164717626805,0.051146247661092506,0.08436708638704557,0.11375306422101211,0.14191037091196795,0.16642147352192324,0.031157376469832368,0.0,0.0,0.0,0.0,0.0,0.019374525020466056,0.0028253617054685857
1998-05-29,0.01872396194637078,0.01872396194637078,0.007264601874487259,0.00665519340399171,0.019329832972859028,0.027554957016044115,0.037896432803179496,0.047852364466544936,0.05012047828908729,0.0,0.0,0.0,0.0,0.0,0.04774626607092714,0.010263688703206169
1998-06-30,0.0163293466474059,0.0163293466474059,0.021174992984039416,0.019270695682243454,0.03420295714463592,0.045262319178357255,0.061683310849778794,0.0726786377139858,0.042341183820588,0.0,0.0,0.0,0.0,0.0,0.028281812283697826,0.0025843146134386097
1998-07-31,0.01213001128663264,0.01213001128663264,0.04978636906467689,0.017013633719166713,0.027257284394126113,0.030813871612870705,0.040698612087753855,0.04759379457312701,0.006530243469385036,0.009224233080099734,0.0,0.0,0.0,0.0,0.04466158052548976,0.007668305578088866
1998-08-31,0.020453248619657652,0.020453248619657652,0.058385313770207996,0.120946104417543,0.1679855290831312,0.21001536990022812,0.24964204163844178,0.28789837249591443,0.2168232249692481,0.009224233080099734,0.0,0.0,0.0,0.0,0.07142069729095661,0.010823000252252192
1998-09-30,0.3728133139789481,0.3728133139789481,0.7625246103319906,0.5380628368432298,0.2704176567372054,0.31378959350577834,0.3614868289179599,0.38455605067756304,0.4108033941227396,0.40273096368688477,0.2087779121942513,0.01768964426740726,0.0,0.0,0.9449392275007658,0.3349433820111727
1998-10-30,0.07359078552734055,0.07359078552734055,0.06034782840803631,0.12748030014933862,0.17383443123188017,0.08402065264978596,0.03113091322988439,0.010405047418640737,0.014365856909347496,0.01815266560453002,0.021891525813800952,0.025594344019538088,0.0,0.0,0.053917605602247815,0.042822460307304015
1998-11-30,0.04873388988979444,0.04873388988979444,0.17364251652236012,0.3195994847115786,0.372559277931372,0.4755131857735859,0.5482698431842513,0.4536635976868368,0.34692827111057134,0.14253888272000875,0.04552953694877659,0.05043552460004967,0.0,0.0,0.20290059312732833,0.005835536277775777
1998-12-31,0.10497750005158563,0.10497750005158563,0.08425941709116862,0.0436785537257853,0.06864879353639125,0.06578668086674172,0.06378160672374361,0.014847753571612582,0.014375479639427813,0.03332446616393113,0.029924699002738267,0.013580625812382698,0.0,0.0,0.06828835036351898,0.07926785227032998
1999-01-29,0.014266494827799514,0.014266494827799514,0.03277183559027965,0.055968018078298404,0.08947601841251426,0.08951566620557308,0.08964471533055304,0.14249511713228874,0.1277421851185676,0.21820517011334783,0.14723185663577432,0.05554637192551158,0.0,0.0,0.05669771092262453,0.015273104473801646
1999-02-26,0.002032750790117971,0.002032750790117971,0.008207367771156666,0.028840496312816544,0.0017694834561445827,0.0033987879040384417,0.0058567042171811245,0.008581457588957384,0.006177680321420118,0.009273439328683703,0.06644654117057483,0.0031977212144386966,0.0,0.0,0.011488720003640734,0.00311369950711754
1999-03-31,0.009189898900296187,0.009189898900296187,0.008172475503555474,0.009754125271175168,0.0347189786888846,0.03613260758686232,0.03662578889101334,0.029607190214637716,0.038900085158762865,0.031488534211679006,0.004946641745708394,0.004353725924194231,0.0,0.0,0.016133489891235753,0.0044882726961118224
1999-04-30,0.10983776992022293,0.10983776992022293,0.12917406160353107,0.11143661375665431,0.1307969334441047,0.12764852369234334,0.12634774938288676,0.11834322973689428,0.12187424879118557,0.11457276128193597,0.1395599647726448,0.07331532095403888,0.0,0.0,0.15605909512607957,0.05888211708808668
1999-05-31,0.01800074221639556,0.01800074221639556,0.031245990228470813,0.06535135147474,0.07150320685814043,0.07673396772804361,0.0820028797074179,0.16123529897944489,0.1631913920436573,0.1654106377887942,0.16869897838278877,0.06216651351205363,0.0,0.0,0.032663317567454234,0.0061410649862543715
1999-06-30,0.02808305967012366,0.02808305967012366,0.024217445097745677,0.020530480034901877,0.020310914922676726,0.020008067655032602,0.020325384778854955,0.021124849597674134,0.02186455459369291,0.022685630608871396,0.023687450193634108,0.02444113493667153,0.0,0.0,0.013497218808385295,0.01433828707320952
1999-07-30,0.006106106011161239,0.006106106011161239,0.019389031448010755,0.008455463331074747,0.00908809279490519,0.009744820138883115,0.010180408489716325,0.010338292999198834,0.011321594232315962,0.010626143239811342,0.010793950342567499,0.010902096634998679,0.0,0.0,0.06073462096740753,0.010050558079250371
1999-08-31,0.006818943078832806,0.006818943078832806,0.010185769732852928,0.02391863120957985,0.06520122757710262,0.09025866236391489,0.13363396202116976,0.061594669564052046,0.06749198206534313,0.18528694417016703,0.02879682094086705,0.03115168768159169,0.0,0.0,0.07328660685101836,0.005931764913504584
1999-09-30,0.020974276883744494,0.020974276883744494,0.008532321412960384,0.01017684792434606,0.0032711468417223055,0.0027378790266376907,0.0024294831659756877,0.002340634652190088,0.0021001870570986347,0.001874817712056425,0.0020646143668506534,0.002165141650338376,0.0,0.0,0.05425901252425408,0.003782016441566418
1999-10-29,0.06526131277361129,0.06526131277361129,0.1680906434883088,0.22769040928964884,0.2887415394081103,0.33733527052393686,0.38467477078057544,0.3934033407627622,0.3996801518941308,0.47344058904044917,0.31828006848543466,0.14275131198110474,0.0,0.0,0.1729552332556962,0.05382545296440187
1999-11-30,0.01389626936153726,0.01389626936153726,0.059577370996257956,0.08969531625908139,0.11494938238392038,0.11718493642755341,0.15594222293684107,0.10625826839629027,0.03846331684175356,0.015840775808435625,0.01763600048762018,0.019405326270216003,0.0,0.0,0.06092983203410632,0.00475331236072427
1999-12-31,0.028537039882941467,0.028537039882941467,0.038735449267221916,0.06465556199775299,0.052211279144915274,0.054443223724944256,0.09058381056181829,0.04004058374286337,0.02864542268018072,0.030793693647683612,0.03292566591053414,0.035045301008187486,0.0,0.0,0.08494150161965924,0.0015853342702998778
2000-01-31,0.019838341306217512,0.019838341306217512,0.02546408223279742,0.026943807819087506,0.02659784440471255,0.028529632401692123,0.008145452186993654,0.010042385404027425,0.009649466276296797,0.011046081807493946,0.012550370560340085,0.014070051000839544,0.0,0.0,0.03612940912704135,0.005992041039017155
2000-02-29,0.02105815684243509,0.02105815684243509,0.02540371227342851,0.032562051168366524,0.07792362379913376,0.08224638627440138,0.10935003804561544,0.11352613967847285,0.06630295751906212,0.048817504771859165,0.05223512268033355,0.052629285567441494,0.030804373291896767,0.0,0.03527245524904345,0.005843173435205023
2000-03-31,0.031018638631100097,0.031018638631100097,0.030094628730166835,0.04136737663859179,0.06171280787133169,0.08351247677995824,0.10934180456372344,0.12671579744726247,0.14461013700544148,0.1547056364467927,0.16329421333784477,0.17637709075334082,0.12133765723523228,0.0,0.04200692282915094,0.00274541403901738
2000-04-28,0.023222864930645033,0.023222864930645033,0.09100284185233129,0.13380017446139789,0.1648208224696296,0.20553632791681606,0.20006002455859065,0.13728771639570156,0.07431161246939208,0.06624314732220624,0.06969095770463729,0.07671584799040201,0.059436905833558866,0.0,0.12613283577334553,0.000233708771971799
2000-05-31,0.021699400248548047,0.021699400248548047,0.004915413637404739,0.022504763037598165,0.04704577218993289,0.05775906028136785,0.05300749763220454,0.059649639906361164,0.06584718432688443,0.07112646683702235,0.0771457704390288,0.08241377594540757,0.07973706004437907,0.0,0.011760577245762589,0.00026544154233028826
2000-06-30,0.07894125810165185,0.07894125810165185,0.12908592709023858,0.13077006271514935,0.13045252461293913,0.07174380993815933,0.028108224529839947,0.02335262714342564,0.02391744131201048,0.015776643095186567,0.019149170163755256,0.017247466817531275,0.01902068611619906,0.0,0.10550759834017617,0.034906975129900895
2000-07-31,0.0036481028009852645,0.0036481028009852645,0.012525373072764634,0.010785751886730668,0.0067967036937691475,0.005961266420015383,0.004459542721511268,0.0034207478656407414,0.0027292607583168788,0.004376537293184581,0.0017883723453343946,0.0033507714195895964,0.0030040226001567883,0.0,0.012486500595182292,0.007491097475100628
2000-08-31,0.0035585306073657175,0.0035585306073657175,0.08596811361461992,0.14122725469363057,0.0820723806954422,0.10864066792291249,0.13088919229930945,0.15682173040083852,0.17673308243667468,0.21948100442299623,0.2309391597431924,0.26284345521638475,0.1715694405148811,0.0005870145828553579,0.07816805160011953,0.00528469030524098
2000-09-29,0.003371073880116482,0.003371073880116482,0.026486552271205548,0.042921551801674646,0.04841443503347418,0.06090565655956936,0.0728807047509033,0.0845280215028955,0.09597693150240284,0.10728187549964763,0.11848345290819265,0.1296052636422875,0.03963033820632344,0.01897677952015778,0.030305819333865436,0.0007337569393541798
2000-10-31,0.007112513499785589,0.007112513499785589,0.08961868866068388,0.08028591799618029,0.04292733392254904,0.0525840120801133,0.06182622514352739,0.070814443090612,0.0796559214011947,0.08838348776966007,0.09703011862782317,0.1056163040420097,0.09894000083352314,0.04920094179560558,0.09075512894872381,0.004512023512318941
2000-11-30,0.060854108625411685,0.060854108625411685,0.15183351876047618,0.012935420895887555,0.006109087923983375,0.008084766707433091,0.009752539564321497,0.00831787284013448,0.008629924596455313,0.008929717363243536,0.008515133004502434,0.007618056216867133,0.002669687467045799,0.0008238451283642811,0.1715919000593492,0.0499241363335417
2000-12-29,0.03011897744453143,0.03011897744453143,0.044667920262325536,0.033574663758710425,0.0428165900740637,0.05451731448344456,0.06486020802426329,0.07496699317223643,0.08763636620366869,0.09993593410745197,0.11085467834869192,0.11844097100557005,0.0834853594858753,0.08413583363710218,0.1523181802204888,0.03731643214075103
2001-01-31,0.0025289789690774445,0.0025289789690774445,0.0055827336251361576,0.01511996690904073,0.024265920821281733,0.030104088425002132,0.036899056025226806,0.0437290426642016,0.0504767932788258,0.057376470020706304,0.06465138974667291,0.06974881391389727,0.002418978608226114,6.443768724345711e-05,0.002087744944919645,0.005434426122372327
2001-02-28,0.14877083156440127,0.14877083156440127,0.004195305797991891,0.001523691073143582,0.0008423051903854173,0.0001309335809642348,0.0004912482091107839,0.0008704822486466368,0.00124408540360621,0.0011313723606594384,0.001273424491019165,0.0014703621215060164,0.0013539979375344624,0.0002707472344837536,0.029291301442883104,0.13762725445881757
2001-03-30,0.047422677691203965,0.047422677691203965,0.017078728128854276,0.01113203856691429,0.024286896077847217,0.03446793479091821,0.0803686661484408,0.052295107284782455,0.09743812275279626,0.06865833475367153,0.11284445393707944,0.08374038967520354,0.08477714441866857,0.10468203849587479,0.09916303894553288,0.04362432895995519
2001-04-30,0.030164659746016762,0.030164659746016762,0.027592613882100006,0.03522927772600268,0.04463328490850188,0.05415563560621239,0.11541317647772119,0.07244678904169519,0.13350423500420106,0.09022133758289186,0.15143148000955586,0.10767060374663286,0.11821996660757028,0.04865909733105686,0.07587268620973281,0.030208191951731935
2001-05-31,0.024465532249054015,0.024465532249054015,0.0030291516916103323,0.0017876043399746439,0.005969689234098921,0.00964045575876385,0.01205962038276251,0.015295782689860954,0.018223865812867862,0.021807719607656317,0.024362744215846138,0.027209035386143214,0.03625874656808617,0.03551244085109778,0.021129981531680612,0.02042356865794967
2001-06-29,0.012361596906360931,0.012361596906360931,0.0019140126154337245,0.0006853087413244419,0.0004472174418672925,0.0004643502902580421,0.0010377756456823595,0.0007078591867664685,0.000797972358535598,0.0009892909133201733,0.0011485961488737206,0.0013363674587089647,0.0022192741764810453,0.0017024667370737767,0.013253328138993884,0.011220878449533952
2001-07-31,0.02833508573543418,0.02833508573543418,0.06343968962213047,0.09976429150630786,0.12811872216931355,0.15532152110084074,0.18386172682094346,0.2106693530464515,0.2371990138777852,0.2613142293889883,0.288137388919126,0.21019423666378662,0.005256390519873033,0.00669869920082225,0.01931685992576273,0.022620222856930047
2001-08-31,0.020289767968335273,0.020289767968335273,0.03563365312838092,0.057828293577380174,0.07765774073814019,0.09643792037607882,0.11464557658564864,0.13249679824546798,0.15010683217248763,0.1675473991023779,0.18486416785024126,0.09841144106090931,0.018218692582957774,0.019860242945633877,0.012348354133216517,0.014885011472323876
2001-09-28,0.01822699670625204,0.01822699670625204,0.008514207518011269,0.018434843986145033,0.029493228006479993,0.03469937054924299,0.03724309227140185,0.04119130204334151,0.05724323047784849,0.05985955959253331,0.066480151508521,0.0730595704253617,0.03182254028210091,0.036447637536486555,0.023625093833803786,0.006563017958357147
2001-10-31,0.03281363072450161,0.03281363072450161,0.008675677419516012,0.007519369911846485,0.016570804148118262,0.02647983809639959,0.03440890573568811,0.040110480530612225,0.04365525003873197,0.05296867315597478,0.060939701514722736,0.04166874387025705,0.06450791065455402,0.05728476570404162,0.025789194346287146,0.026845529729220073
2001-11-30,0.03228778185142614,0.03228778185142614,0.08408650974485612,0.14002952372636093,0.19817946037601147,0.25112149727598976,0.2966115430063592,0.33815505717920036,0.385746246155686,0.4331990855442731,0.48123981151923456,0.469885369554241,0.3499676800684455,0.1565572604441695,0.0038130483223076106,0.025832832514893565
2001-12-31,0.06388473316057794,0.06388473316057794,0.048871001409931704,0.05340797668322025,0.06388288323436332,0.07363942770563306,0.03824313563711956,0.0921778505146778,0.10107109223966837,0.06397055947052124,0.029113444760925547,0.12736492632065308,0.09011510153198031,0.05458491009115674,0.0562865705656358,0.029329786779935748
2002-01-31,0.03313517829853254,0.03313517829853254,0.15345681229441283,0.17730204671702138,0.20383834335894513,0.2285440703116396,0.20634894289845723,0.2755252296650218,0.2982494478539741,0.2748259155032181,0.2535340577638388,0.3652665896003192,0.34143272602805463,0.3192677242005044,0.04360725723300806,0.007433271953384351
2002-02-28,0.008006945753516032,0.008006945753516032,0.001384564241731695,0.0026592892602672336,0.003754669668486643,0.004777387990591908,0.005761585916765677,0.0067224945842129236,0.007668060183772529,0.008602921258137552,0.009529989799613225,0.010451195585985229,0.011367872455300826,0.012280974055934923,0.015501551762258758,0.0026037739173207777
2002-03-29,0.00555060980673091,0.00555060980673091,0.0008554438137400335,0.00045256571739998863,0.0008854535702106925,0.001278307113110777,0.0016510258849788961,0.00201186648487639,0.0023650209703387493,0.0027128751693290543,0.0030569019843179057,0.0033980661215324837,0.0037370286476469117,0.004074259119833917,0.007235244841538344,0.0018474177788314141
2002-04-30,0.07032239147762813,0.07032239147762813,0.15169822286503676,0.18386888268534898,0.21119764606170127,0.22168085280058758,0.250008704380625,0.2774221530388551,0.3064031828076822,0.33798035086281963,0.3692595607592158,0.40032749434339776,0.43123245699782803,0.4620087208558929,0.055831257828928435,0.027662419943501233
2002-05-31,0.010862167429721604,0.010862167429721604,0.23673544507315114,0.3714743305753383,0.4874999141841396,0.6111041597357059,0.7114651636242947,0.8094922576608664,0.9038208023998955,0.9940705271958479,1.08354087229253,1.1373596631506042,1.2608395944704363,1.3141463634355726,0.017034439957472336,0.0051816290017417214
2002-06-28,0.008056196306625511,0.008056196306625511,0.2041938147267544,0.33935852329179395,0.45330970620212907,0.5576470271699734,0.6578078916083713,0.7554484981871419,0.8514372469326237,0.8840473464364871,1.0389466977259154,0.9196375211641296,1.3450680468378349,1.357872205307502,0.013609755591753602,0.006279342398663665
2002-07-31,0.04985272135489391,0.04985272135489391,0.0689811344498968,0.10654001429790044,0.13371637363170422,0.15892273035906085,0.1831259274395618,0.20672854016460146,0.22993601554828869,0.31041639985639546,0.27689350282089986,0.5229703776301435,0.0,0.0,0.017232365571203032,0.012867123839155083
2002-08-30,0.020822824535129545,0.11120402180654985,0.4669560345060314,0.6881543330796918,0.8754496154512603,1.04949581276537,1.2166024600534548,1.3795281929885383,1.5397101473824177,1.6979825479132997,1.8548672106387043,2.0,2.0,2.0,0.022175721374868985,0.009742815437202883
2002-09-30,0.061747704332674694,0.09665211404537988,0.0,0.0,0.0,0.0,0.0,0.0,0.0,0.0,0.0,0.0,0.0,0.0,0.01975922091181606,0.04522803862557958
2002-10-31,0.04643543114370854,0.03298072944217653,0.0,0.0,0.0,0.0,0.0,0.0,0.0,0.0,0.0,0.0,0.0,0.0,0.011089622154297527,0.03341200212839107
2002-11-29,0.01989029714218007,0.036241605476382145,0.0,0.0,0.0,0.0,0.0,0.0,0.0,0.0,0.0,0.0,0.0,0.0,0.036858122473139826,0.009487352835650971
2002-12-31,0.01040899443289102,0.010412642178418832,0.0,0.0,0.0,0.0,0.0,0.0,0.0,0.0,0.0,0.0,0.0,0.0,0.01857725520959761,0.0040816555906176746
2003-01-31,0.019645011459361254,0.03709777047163919,0.2382027008416051,0.377027784699128,0.4940089692318619,0.6025453376486058,0.7066702567783626,0.8081457114211058,0.9078837740209118,1.0064134754058998,1.1040654480596368,1.2010581040646553,1.2975420533314659,1.3936247830151176,0.00883065993735203,0.015106592534443927
2003-02-28,0.03728018110141735,0.01657691710914078,9.361416147379842e-06,0.0019269108638769739,0.003384646973276728,0.004683450048533155,0.005904218987206167,0.00707971506989491,0.008226122270808267,0.009352573750715854,0.010464669657868408,0.011566058804272028,0.012659231503044155,0.013745951051640504,0.026759475769367998,0.007078920535537725
2003-03-31,0.005498557899357684,0.031668061271483104,0.005506826154846711,0.006191515705744832,0.006927216896226107,0.007658781304515583,0.008383636136228612,0.00910300859341806,0.009818239932795514,0.0105303397875805,0.011240037464955499,0.011947860878567584,0.012654197568280956,0.01335933686628954,0.03239901918013756,0.002647684944417219
2003-04-30,0.010730455068687361,0.027065510629919763,0.024189940788545777,0.030835693370155404,0.03685335144691934,0.042561606175221256,0.04809639142293509,0.05352322967376988,0.0588778717291914,0.06418165330533826,0.06944816249500285,0.07468649439889674,0.07990298122603195,0.08510217499838629,0.03223330645808081,0.001062079017240274
2003-05-30,0.03052052354783588,0.018047632956823774,0.0010591404855941067,0.0024863735532136833,0.00369291708181288,0.004814085761797926,0.005890488293213758,0.00693995186545554,0.00797173044649746,0.008991199995434351,0.010001723947696661,0.011005525798512383,0.012004139639178124,0.012998660788278382,0.02354353515750783,0.012704872030534565
2003-06-30,0.029838763284432794,0.10120956255326402,0.012140920619768552,0.012472533521761722,0.012439717102999737,0.012480455605242635,0.01266856487935436,0.012935131884914797,0.013249417137618402,0.013595182963634767,0.013962952497932668,0.014346779086465533,0.01474272126053744,0.015148052354295283,0.018146212855245113,0.019361006485815905
2003-07-31,0.004643150958090002,0.004643150958090002,0.14364526622193058,0.16144629060919088,0.1655124836728521,0.17553337431745192,0.18395764952244864,0.19176985515981548,0.1505054497189297,0.20350328536317983,0.16290689709506678,0.22206821742514699,0.18179037346562724,0.23688550056201552,0.02344692071723911,0.0028280656764392096
2003-08-29,0.06971761196990442,0.06971761196990442,0.2266492006063675,0.37520965961299246,0.49977684297150726,0.6054132472865188,0.7068956017279107,0.8056126204563103,0.9512257440518824,1.0010787940321362,1.0906796979313036,0.8396670130812814,0.7373825812518509,0.5595371111136708,0.16047933501391382,0.050737546240940026
2003-09-30,0.035917973787001,0.035917973787001,0.12227035288890711,0.15494214586284338,0.1854266561710287,0.21563019639254916,0.24599002874548892,0.27489508296309834,0.3039754171580953,0.28327889535028955,0.39130392613232123,0.429662082835518,0.4553925129390938,0.559110236458293,0.09331061811298809,0.03195077048432815
2003-10-31,0.13485899840400006,0.13485899840400006,0.06025985613483657,0.08441537321728869,0.10597031723971718,0.12588960932250537,0.14422809066062797,0.16308493828779108,0.1811635077599298,0.392873327214425,0.6668385217542229,0.867952048135636,0.9907573164978158,1.046404961736434,0.010142011595301106,0.12287996423032715
2003-11-28,0.03574944954930216,0.03574944954930216,0.038410933628778336,0.05658983119475174,0.07226022552642886,0.0865898415482923,0.10000223230003369,0.11279554149953416,0.1260015400587594,0.48834496469267696,0.7122971987672608,0.7921121869875545,0.9457903265293259,1.0880953471152428,0.044141362007813184,0.010789070043121084
2003-12-31,0.00980539456549108,0.00980539456549108,0.04238544436967602,0.0706525740281137,0.09325340020919898,0.11150989459774302,0.12434889461820695,0.13621459566606356,0.14860993395610447,0.6716342336029453,0.9767056841400004,1.1118338701023323,1.229326295200591,1.337439186957646,0.04110558724382367,0.002866609867533341
2004-01-30,0.01713933047722762,0.01713933047722762,0.008093608894908323,0.008631513502676146,0.012760914484363128,0.011345902032405096,0.0025015595435683644,0.001522080297871764,0.0004106140438351058,0.006537790992985459,0.007071186594558632,0.007277874351925229,0.007392088576651301,0.007465246780230361,0.019288691225009327,0.010879946769549806
2004-02-27,0.006993332609979114,0.006993332609979114,0.014046741580094443,0.027829622917375202,0.03863396792984384,0.04846105520664129,0.059849103514966646,0.06563290114418077,0.07200825021881418,0.003698391297202841,0.0021332467496187335,0.0014260025588864744,0.0009691201378060899,0.0006270759770616308,0.019709599676315852,0.005373229102025685
2004-03-31,0.02684198341383176,0.02684198341383176,0.06165684084486461,0.04503752119168513,0.039636884451901,0.0371518399559261,0.03575133557632082,0.031137036244264192,0.03127402999114674,0.017875236602263034,0.009796147191014126,0.006158865903833299,0.0038620951142288584,0.002186645335143955,0.016799262062217896,0.007028015259224245
2004-04-30,0.010836703229217242,0.010836703229217242,0.036956437108969495,0.06646086632382453,0.07410993891286827,0.07907135913484968,0.0868983303277952,0.09311098787662252,0.1051860167627269,0.6524006934032512,0.9792866114899965,1.112140864213127,1.2267654218759747,1.3327876614896212,0.011498645161113274,0.008222829923926823
2004-05-31,0.10631169133197507,0.10631169133197507,0.2660623886065549,0.24154621907239127,0.252961910665564,0.2728945523276503,0.29732661183098436,0.32159102730315575,0.3467001069355773,0.5986335500695338,1.011652465328316,1.170339160560673,1.2993081698126574,1.4149770033884748,0.15738734701574197,0.09923143676495001
2004-06-30,0.011841582587447514,0.011841582587447514,0.02057021235631495,0.021748898177113174,0.03470050379910153,0.04546532106205006,0.0552794094898883,0.06457870531986556,0.07356084061378773,0.031091828848551016,0.014682103567897786,0.0037459748976629847,0.0017040115889883634,0.005257309511182973,0.03973355520500302,0.007601339432843815
2004-07-30,0.004823429149610117,0.004823429149610117,0.04390586067740768,0.050202804861494824,0.06877000044846257,0.0855698496384597,0.10147731241129018,0.11691041292464821,0.1319481325554138,0.17043754202137013,0.7392109625168617,1.0718780739829556,1.3010121814016458,1.4202343128996577,0.03762967302789655,0.0009196808192141227
2004-08-31,0.018716085266277854,0.018716085266277854,0.020438557421423302,0.014353667741387743,0.01393035607603274,0.013523906414907277,0.013525087869594915,0.01353323546803012,0.013610630283590192,0.02515364799543677,0.021709679132917145,0.019001152915985996,0.0,0.0,0.01281858108044492,0.004226833828379475
2004-09-30,0.012126384526381446,0.012126384526381446,0.032584002774894955,0.05529388531288325,0.07791603907649147,0.1020711507540446,0.12385636241667333,0.14495797083642364,0.16658678495321227,0.17292388555751362,0.04003791530744995,0.03588870184283258,0.0,0.0,0.017269628453320286,0.005696541888008343
2004-10-29,0.00878275151343393,0.00878275151343393,0.02574278917825249,0.006325347818162921,0.009549773271707203,0.019997784821469855,0.03243595987805914,0.04493167254290872,0.05658266883298046,0.06898407995750457,0.02479299488251069,0.024691169333790404,0.0,0.0,0.04489945588109397,0.0021319751222861963
2004-11-30,0.004321148651313264,0.004321148651313264,0.0451061951807479,0.01641115266189272,0.02337489108884068,0.026381993633922768,0.02837247692502326,0.03291974569932249,0.03736944531468825,0.04175170708126086,0.005273230609630711,0.0023613530741850575,0.0,0.0,0.061543816878998174,0.004843966435046681
2004-12-31,0.0109885416913474,0.0109885416913474,0.01732971718282481,0.026499820058907844,0.035552575497810116,0.042952622882863695,0.05060333825635899,0.05801632956150299,0.0652787051936751,0.07243676627692831,0.005896167088718318,0.004295451484707079,0.0,0.0,0.038524548164920944,0.004234904096147501
2005-01-31,0.008372106357899266,0.008372106357899266,0.02655514821477581,0.03239768253671292,0.045822058279634176,0.057632867113630276,0.06877194587229915,0.07946758915100288,0.08989710596307034,0.1001454557154479,0.003199074582890371,0.005677554965650644,0.0,0.0,0.03161780211474932,0.0013822868273486513
2005-02-28,0.019582209442032105,0.019582209442032105,0.017141415876744538,0.03252063874596921,0.04283918993706688,0.05183163837688079,0.060242230505623856,0.06829985242926226,0.07612511058576452,0.08381958601893423,0.1045238536220567,0.09045480477859216,0.04295323405086225,0.0,0.06492600586417653,0.004417369164986945
2005-03-31,0.009996644443570854,0.009996644443570854,0.019297328521620423,0.006810835302351364,0.0031128278287370637,0.0026334555633458906,0.0021609960576587095,0.0016927950157238636,0.002445495131254888,0.0027192164088079007,0.0023422284524767523,0.0026318327535920644,0.0044863856039467215,0.0,0.044841120031451964,0.0022893188316224465
2005-04-29,0.06389908103762786,0.06389908103762786,0.025617441340384718,0.0510886861022067,0.05736563234269776,0.07185684207481925,0.0854497198359441,0.0985361224876492,0.11013899954630071,0.12196375190761649,0.00222440341305033,0.004456269979500341,0.005722213639147194,0.0,0.029127438161918463,0.04577726974148154
2005-05-31,0.014758836145382745,0.014758836145382745,0.008240033171516753,0.015861372242085683,0.012655294859070465,0.017030503059521446,0.021127625063147165,0.025075728793061774,0.028928870157174574,0.032717290636843685,0.01935988049195378,0.013668464968071142,0.010857762748310316,0.0,0.03494207050673096,0.016002632534178735
2005-06-30,0.008812444196427903,0.008812444196427903,0.013971325770168894,0.026752428849451414,0.038004503140497886,0.04757212559417437,0.05655671395775766,0.06521138058442708,0.07365664766150382,0.08195916552706098,0.0026187191030231927,0.00325278301341253,0.0027691830727953684,0.0,0.02222840166704164,0.008724253318781286
2005-07-29,0.01909709898422994,0.01909709898422994,0.016490553127437704,0.00445511026164639,0.001912776328339555,0.005285005452880492,0.00834179002550306,0.011000367601067845,0.013423525647972806,0.014187341060053787,0.021524147982438402,0.012612004837870894,0.009427428780681719,0.0,0.011465615862187674,0.011043586658784245
2005-08-31,0.0173384333878465,0.0173384333878465,0.029448545245826248,0.061408763165708834,0.0409260437615718,0.049146140479605305,0.05954154831149358,0.06866593787522332,0.07754767701527396,0.08377836067400994,0.019967812557363962,0.004271216683162632,0.014842416284821615,0.0,0.040049119201223754,0.008627380559903038
2005-09-30,0.0592741776688779,0.0592741776688779,0.004222708247649178,0.0033487938129333136,0.00262817310589665,0.003462083430752688,0.0036354435532670037,0.003820165424497257,0.004219395850419583,0.004636511629051668,0.007030302601904265,0.0051020650325683675,0.00413185111605102,0.0,0.009088022980984652,0.0334396296977746
2005-10-31,0.040493167039577664,0.040493167039577664,0.11589724094067434,0.09196046587781485,0.07429055286360552,0.07012078993417067,0.06325648862043774,0.06008371477964354,0.054155391237935835,0.04917391282856285,0.001527560623755475,0.00025499797603187324,0.0011542448336705029,0.0,0.11845508987751632,0.03134321904716701
2005-11-30,0.02439615733883069,0.02439615733883069,0.10843668157331696,0.15444282453142782,0.1327959219029149,0.1238965614924196,0.11262008565016055,0.12681325986218736,0.14279078313145416,0.15678788743019217,0.005128787266628486,0.013251912269692037,0.01766845138501784,0.0,0.161360038030642,0.019809103765309116
2005-12-30,0.012035952113728345,0.012035952113728345,0.044031070290293406,0.11002309299306176,0.16577608395367888,0.19605275384817622,0.23974818971671222,0.258574900982208,0.24638369410650293,0.2762112817576887,0.2912502440735006,0.22427641501134743,0.042645971571915006,0.0,0.05775905049964994,0.003285443963312744
2006-01-31,0.05475835716532578,0.05475835716532578,0.026307385469536083,0.0721179493284323,0.10988682807518108,0.14393477036500996,0.1760105723958741,0.20955974059682664,0.23657545413327058,0.19844998516980833,0.16534635981438509,0.26145449975876356,0.7143179271166422,1.0394686627408696,0.032805325179654066,0.018544136140500503
2006-02-28,0.051503889610849576,0.051503889610849576,0.010846349108901601,0.06459355668186384,0.11015863548264121,0.17020093077568582,0.18363948526999008,0.16204510650385084,0.1739168917908513,0.16069172163672524,0.19587723510304128,0.25315802995715103,0.6866922834984528,1.0394686627408696,0.05001579428358234,0.040098767744327184
2006-03-31,0.018680085495486595,0.018680085495486595,0.058323061790842644,0.12376963830009696,0.1372403366539449,0.07942678061438951,0.08524070620148055,0.09655793277493076,0.1095250458476566,0.08854378212691419,0.14524932856455833,0.1391869757990337,0.6906161269898436,1.0776091356324602,0.09192871601225686,0.004199827031586832
2006-04-28,0.03962312578437667,0.03962312578437667,0.05705898065261646,0.07073351072202907,0.0878263737319942,0.10739705725676417,0.12470271745645696,0.14069564389565953,0.15761675314849743,0.14667715698820383,0.2244865595563788,0.294494055408962,0.0816425249653312,0.08262485032580158,0.11600823284744374,0.015131811835593725
2006-05-31,0.012304335946891691,0.012304335946891691,0.058055906105240015,0.11496178728562137,0.1260371708675576,0.10116605314254715,0.11764412443874651,0.13722021743923568,0.15571502902016568,0.27784132671749195,0.6144178584729445,0.7538950957083297,0.6385323729776826,0.3728174915133079,0.08249437661312836,0.0021967755586990035
2006-06-30,0.007478948606430251,0.007478948606430251,0.06865263591331959,0.12170843203542875,0.15072634920139688,0.18926705651651132,0.16809867492177877,0.15456488488131415,0.12987338380744767,0.09781235287072867,0.10520997666000761,0.13384364581419855,0.11942933619030256,0.1290023514632917,0.1040169229686611,0.01128323577453013
2006-07-31,0.02474327113425364,0.02474327113425364,0.04943654131620613,0.08223904903236684,0.10922465042056426,0.13322324502333932,0.15694081889934686,0.12968937356405763,0.2094036389203964,0.17700134258632655,0.39724919385004015,0.5585159738680596,0.5387496098087008,0.5102070773722382,0.06409918531103158,0.006032249177775563
2006-08-31,0.02129495949875975,0.02129495949875975,0.005073307473553758,0.008038127585613446,0.007961396747924197,0.013998711901186872,0.01532638864590545,0.0232981394318562,0.026863423466196197,0.058587464033736464,0.05181146988449348,0.05958452960817739,0.060165829755286254,0.05437928106633455,0.05750808826116619,0.015836280802977432
2006-09-29,0.01014550952215366,0.01014550952215366,0.00930976003413965,0.035823757784930216,0.06301617699103712,0.08004102444656963,0.09790549657494563,0.06767571384933571,0.131321955244144,0.05411708020839118,0.10185044690297888,0.1311720912125311,0.16134927951595657,0.19347252329296385,0.04822518076470018,0.004707682396242521
2006-10-31,0.07401883953793562,0.07401883953793562,0.2012118988214539,0.28751194915309863,0.3591103252090229,0.4250070149494152,0.4889606954735508,0.5578482494865387,0.5471106483908172,0.4699324721722471,0.2276051879623443,0.24673572112463094,0.25771971602104243,0.24564746479251992,0.251123394507085,0.05725000333467492
2006-11-30,0.029151174709353807,0.029151174709353807,0.013985912586448448,0.04846693754770658,0.08120857453624751,0.1099435489244601,0.13808529453213547,0.16484685650309958,0.17117579124933197,0.1879740374865884,0.07345424000167802,0.10577789704897314,0.13179273685335097,0.15416191386860367,0.07725306784999178,0.008239188609506315
2006-12-29,0.024984178411679048,0.024984178411679048,0.03824174640941215,0.03991477580311261,0.04254410726890424,0.04429731852750014,0.052934345814359546,0.06116402126736113,0.07642493558751476,0.09389317256866012,0.06163659362196561,0.12466716094141853,0.17032388230309176,0.20913584166191002,0.06945595089892032,0.01086904143408669
2007-01-31,0.02607091987533967,0.02607091987533967,0.041592926257554265,0.035954079934243446,0.043575474774449965,0.04944394116679908,0.06024536438839987,0.07733459197871598,0.06274203669277845,0.06988361372820731,0.008508552003244213,0.012105464572315233,0.016699039277182387,0.02002685055427729,0.05246744060421084,0.014216954187996624
2007-02-28,0.0015453133926733587,0.0015453133926733587,0.10468507141268495,0.0956099180903997,0.08715985570547315,0.10294064115981977,0.12176677251997842,0.0991225048157181,0.07760332644282915,0.09190332027744044,0.22907992193378587,0.3937603139841784,0.44011528090199314,0.33235466543934106,0.1364667220644087,0.002480619093837018
2007-03-30,0.005999790764675165,0.005999790764675165,0.038314113564657706,0.0786297720535411,0.10161491688258834,0.1316485852205128,0.15571525402117325,0.018732046860680952,0.024683221354918364,0.02756798760748951,0.023842293494954925,0.035530546615910624,0.015346409195770207,0.014620405460332154,0.056919311607388196,0.0016971786365790713
2007-04-30,0.03550651475404948,0.03550651475404948,0.0210617986078329,0.0349884156327972,0.04448634313480624,0.05747185441909526,0.06746972058858747,0.09913019589967717,0.107742365315312,0.11649569110532568,0.1555245587344597,0.19888917506659648,0.19091957352140904,0.03764462077933624,0.11125433392113437,0.007155324230150941
2007-05-31,0.01951952967306126,0.01951952967306126,0.013673734806719321,0.02830800616730667,0.04163596041125474,0.034465438964844185,0.033598321898674705,0.04115812503902489,0.04772201642924692,0.05647931879409339,0.05506880261182007,0.08218678003902574,0.10351130177321514,0.13355349260430005,0.022181379208801012,0.014589644012334951
2007-06-29,0.00622907979801577,0.00622907979801577,0.052304124393090116,0.09277633701191254,0.1257320095074447,0.1336028702480699,0.1463281051029119,0.14569203013449525,0.15116882219188316,0.1518987314889253,0.11302064426341368,0.15027764040583824,0.18147007507883037,0.20936782225965778,0.1516786262848892,0.0009358735529858903
2007-07-31,0.08422662407774621,0.08422662407774621,0.3523453558769613,0.4615274408272122,0.5407800969364502,0.604614936894261,0.4179332332422878,0.4161718556989904,0.46164457688823357,0.5036475180584814,0.24729392189198807,0.13034063385023287,0.15623573326638157,0.1773371213036359,0.42626562170095533,0.02974153116678179
2007-08-31,0.04012836096601333,0.04012836096601333,0.11377857772656227,0.1622571147558839,0.19374046137537182,0.15289445552254446,0.12718708968270082,0.13271731065983122,0.1503369404288809,0.16691516132164935,0.17376850792387535,0.10082491394475099,0.08621247120104902,0.08511333160362328,0.17089023364224826,0.030220110529607852
2007-09-28,0.028280241005211062,0.028280241005211062,0.040995146857259586,0.03342160132819418,0.04526376793994209,0.0642467193947045,0.08451249862200438,0.09035031170928291,0.10671512875463698,0.12226133093341429,0.1375218288221245,0.09794081355299117,0.11989696918026213,0.10589263614004761,0.042775301358419296,0.022549556164215914
2007-10-31,0.02602448755999471,0.02602448755999471,0.1540979803268422,0.18219295801820187,0.238672812243774,0.22342438577292506,0.19185182243270207,0.18382914625961144,0.18895296279881044,0.18590312846434998,0.18502163755253972,0.11339465529738567,0.1108549905645458,0.12230947256093411,0.18086357657377936,0.00872448468448812
2007-11-30,0.0031167233431523937,0.0031167233431523937,0.08498450220383058,0.05976376290049941,0.07066757747327866,0.0903910882809205,0.10578778825751814,0.12313882745489756,0.14962995575695703,0.16405440990002887,0.17041371452167398,0.12108079840286158,0.06563300745649242,0.06140425991490413,0.10368221474611036,0.003922241479212706
2007-12-31,0.07482851149395893,0.07482851149395893,0.03142590777452478,0.058174347526241524,0.08422902751410122,0.13093594341865433,0.14044108356945392,0.16901430802493123,0.19122819074294264,0.2245950207958592,0.23384732262778163,0.23613145794475326,0.12920021249676886,0.11086350613386468,0.25330420615567417,0.047827797519549554
2008-01-31,0.022200038405247285,0.022200038405247285,0.009245893799440831,0.04251187925252428,0.06613830799587098,0.08084130041957209,0.10471777506904839,0.11514463611963806,0.1362554821282284,0.15110916323580106,0.16993571910038818,0.1863400836498625,0.1650907505992995,0.017309145541396884,0.04114739030834435,0.008715284770914171
2008-02-29,0.022271601172981458,0.022271601172981458,0.09078609046322607,0.16447458091412823,0.24426538856754013,0.2539721864023927,0.2990550015132288,0.3289909081424447,0.3610382322965666,0.39714886380186354,0.4261170620219786,0.3981678134793276,0.3726994052841029,0.2541501615438486,0.20229352421483687,0.015296101671183355
2008-03-31,0.020496351202261794,0.020496351202261794,0.08906316038357803,0.1603605868065695,0.221044310830062,0.2732371719426265,0.1497099893509824,0.17290423200304753,0.19251273427055604,0.2345321030136015,0.265172765096277,0.29901305704575154,0.3279408592655876,0.2996652792788383,0.09453954260931878,0.019718493242189106
2008-04-30,0.010356804174473138,0.010356804174473138,0.21055598708865644,0.37955101608346675,0.5208183451719977,0.6803971665681149,0.6370017249416533,0.5437141215625737,0.5223112628757028,0.6032715420476081,0.3053293860978253,0.32944833318921213,0.334322060788689,0.30870580451562946,0.3069695141473882,0.005356099166891438
2008-05-30,0.06943248635294762,0.06943248635294762,0.02686270024942683,0.028382075313292135,0.061949269493498584,0.041585430026976775,0.05130944810385077,0.07038551557365119,0.08060181109958418,0.11202170719572468,0.1817134283251377,0.23980946982113538,0.21287584866689585,0.2530269552139359,0.05628910615593032,0.042105996141937274
2008-06-30,0.07685790783868764,0.07685790783868764,0.037026411177903215,0.03741636851535613,0.048242293659286804,0.04680709564808529,0.055794259710448796,0.06033481438702859,0.0857594606499398,0.10478052197302189,0.09992933110073514,0.09971072393575853,0.07427025029310011,0.07364734901556674,0.044055739438584304,0.026730599209966788
2008-07-31,0.07715257235831655,0.07715257235831655,0.12007796056767643,0.20093209436527262,0.2199096173048129,0.2877803867311839,0.3450719097596329,0.42104329128795837,0.32972127875519175,0.3565557782638539,0.4005968410533429,0.40863443675055533,0.49404081079019696,0.42233912542270297,0.18267911157207728,0.03857204982355715
2008-08-29,0.10721942338806732,0.12826053950852623,0.1758676915210566,0.21155521795125648,0.27807045323498564,0.2934296656865409,0.3284655671815083,0.34393612324197076,0.3431811730255962,0.20663575045628707,0.1385648535220821,0.11570364873684226,0.12193287309824716,0.11785128573368062,0.3040218728215801,0.09774336707741194
2008-09-30,0.006742495330178188,0.01862582028706836,0.08450964699933901,0.123195511739456,0.13977037433464737,0.20185496226724445,0.23799051609115252,0.2315215590351535,0.27722253970931987,0.3067976596353482,0.25927827855199614,0.3154427621823067,0.3799255524630343,0.25267834822131074,0.13427169673087044,0.003725951880000481
2008-10-31,0.24593021870188642,0.3561810813594174,0.5152712750766871,0.4484418530184858,0.41383195882278057,0.36208979957512577,0.3310600566370414,0.3182987009049419,0.3256621550674427,0.3436635891974785,0.35764177659862184,0.35957364077112663,0.466827735579312,0.5764438957111541,0.41649358667077707,0.23626685423105045
2008-11-28,0.189717982529361,0.2373143110596595,0.32368928041283374,0.4140200101530892,0.49840480040750135,0.5904443505820713,0.6792715670026447,0.7661443439169194,0.8518715149696161,0.9359953758690229,1.0200349694966258,1.045253232400115,1.0450061899444951,1.0354284736383792,0.3910532245489261,0.22733219155812087
2008-12-31,0.0,0.0,0.04274638456236861,0.05491119658269003,0.09491782466935958,0.13292581089144698,0.1698304582156847,0.20194598873015096,0.2270021344853555,0.25184731322887566,0.2765499835070624,0.3011455643959787,0.3256598596953093,0.3500889626871226,0.01689282880834521,0.0
2009-01-30,0.0,0.0,0.06471966368791794,0.03672097265325891,0.028403664278797564,0.024320644402893055,0.021987693599501423,0.02160545593476116,0.023549144251979362,0.02596530046815261,0.03589616845786528,0.04632725018421591,0.05670182884083818,0.06705245389775914,0.009735937167279524,0.0
2009-02-27,0.0,0.0,0.006945059519528736,0.0010752724915122358,0.0029816016715565052,0.0038809316149485684,0.004373695682125922,0.004674282210236358,0.004855387267038547,0.004959462649081481,0.005010214553337888,0.005022386766614928,0.005005596666751877,0.0049664565470318445,0.10469325277035456,0.0
2009-03-31,0.0,0.0,0.001998427566353808,0.003932604539187395,0.004463769107094506,0.004764087588619126,0.00499128835531415,0.005167016588348616,0.005316268304446037,0.0054482680315564025,0.005568305667211004,0.005679661718487161,0.005784492739388025,0.005884281759314464,0.07221519273589624,0.0
2009-04-30,0.0,0.0,0.005205430067129216,0.0019181349329991937,0.004062637850129197,0.005434503214860276,0.0065056147658281716,0.007421289745294546,0.00824439599987592,0.009007001509863222,0.009727557776351481,0.010417539499435413,0.011084507381943498,0.011733670717569672,0.07869416063670909,0.0
2009-05-29,0.0,0.0,0.07855013925477775,0.05604485249067967,0.0544224188940113,0.05767039524169931,0.06206211552239062,0.06702150945775923,0.0723058700910479,0.07779667913583918,0.08304048773303252,0.08851363484916795,0.09969682615366643,0.11082883693954093,0.04839877151129686,0.0
2009-06-30,0.0,0.0,0.0028840535493880742,0.024321866057168465,0.04007526200513155,0.050219946019818815,0.05975523740288058,0.06894223248808329,0.07790661539144333,0.08672677981347546,0.09635197759025571,0.1090468628721448,0.11802139820182597,0.126943187234092,0.0030769019062443243,0.0
2009-07-31,0.0,0.0,0.0018950631385385858,0.011870437722512363,0.0165681889769331,0.02085371632722993,0.024952452531898227,0.028919556745964255,0.03280641675598176,0.03664012138369886,0.04043457130086428,0.04419966508787998,0.047942150996986274,0.05166686016470115,0.0286606394749413,0.0
2009-08-31,0.0,0.0,0.00851123396535388,0.021662335817336873,0.028306064399113796,0.034568223396871725,0.04061230861784079,0.04653660041145669,0.0523755188586732,0.058152153439430046,0.06333192937835098,0.06516741239052401,0.07536026081492975,0.0812142282742673,0.01889291018263365,0.0
2009-09-30,0.0,0.0,0.013359475941315074,0.009118511205217932,0.007678038221104272,0.006948335313086217,0.006427281967745127,0.006649601684798681,0.006349966416017885,0.006538079731038995,0.007529837203049963,0.011848036702745278,0.0078108301618732,0.00827223695977386,0.011994670789857635,0.0
2009-10-30,0.0,0.0,0.004448899077762534,0.005261024405675475,0.006063768942184217,0.006935277030895942,0.007712018230543835,0.008470921172992238,0.009241042596645557,0.009982228930558223,0.010707096741484096,0.011427782511867574,0.012145169677166279,0.012860000588612613,0.0026027243819934003,0.0
2009-11-30,0.0,0.0,0.003724767871383059,0.006279988993268454,0.008271955657921083,0.010234227581433976,0.011933480308393807,0.013557832993939659,0.01513345838555824,0.016674074689149734,0.01818777533604589,0.019679878188612138,0.021053551287215005,0.022475368608915858,0.011513180101285346,0.0
2009-12-31,0.0,0.0,0.00647304226295678,0.024170297911575454,0.03223349467484708,0.03957612897774942,0.04652140536338591,0.05324226062599701,0.05981617557686802,0.066292228576895,0.07269673417252025,0.07904773781508961,0.08545709562701709,0.09177136673718227,0.035452894874503676,0.0
2010-01-29,0.0,0.0,0.02775831918382187,0.030002573786702066,0.030673367012230706,0.03216161549401401,0.0339684485299044,0.03593877102559556,0.03800280648677814,0.04012895046362899,0.04229806003686651,0.04449758779023805,0.046719808479922825,0.04895943334845006,0.03163015318045772,0.0
2010-02-26,0.0,0.0,0.005706128229255279,0.01601487733968411,0.022467170224856215,0.028387590394458238,0.034044842887281254,0.03954675362564913,0.044945558017861,0.05027086816449599,0.055543634107233994,0.06080982677566815,0.0660254312292794,0.07121800771932395,0.011153227658252725,0.0
2010-03-31,0.0,0.0,0.0054786160956520405,0.011893190482577143,0.03094886645956238,0.03792333493872356,0.04453505589591515,0.05093359024929184,0.05719735219936081,0.06336953364468609,0.06947636961917412,0.0755010517037504,0.08150804072686918,0.087484303170067,0.020266274990980188,0.0
2010-04-30,0.0,0.0,0.004827906291366632,0.025009209278571434,0.047851654977558444,0.05840273742477616,0.0684404109121743,0.07817605232517263,0.08771696552779233,0.0971234712210052,0.10643283841456375,0.11566954624339086,0.12485033275211654,0.1339871225843115,0.0057322919796368825,0.0
2010-05-31,0.0,0.0,0.0010367732937127056,0.0033962994133315194,0.0039478993385591455,0.005399672929127044,0.006361245688928508,0.007385696632314276,0.008357106580295835,0.009293390622253778,0.01020498532314482,0.011139681671627698,0.012003163642299827,0.012855541377797557,0.02647653316731409,0.0
2010-06-30,0.0,0.0,0.001552917068358737,0.028385517148590507,0.050852082731054196,0.06426746014769656,0.07571877613123945,0.0878436891486888,0.09974616797426525,0.11149614412579477,0.12312691321681438,0.13202615179329008,0.14328182597040948,0.15446238305817256,0.03892298723128386,0.0
2010-07-30,0.0,0.0,0.0061246017894996466,0.0023547542528780945,0.002138458618357396,0.008013367473466895,0.009809539145620235,0.012005099686841271,0.013804459697019041,0.015580884691426926,0.01734085037875477,0.01910419708591167,0.02084641159254814,0.022581172627677268,0.01820826276082356,0.0
2010-08-31,0.0,0.0,0.010851014118872897,0.005799319775369044,0.0034229817962138816,0.006322477252128001,0.008334250427729652,0.010737922732944629,0.013247101947390181,0.016940144652399323,0.01983463581294282,0.02266462675811607,0.025453045505000573,0.0305044946453834,0.05035463256486307,0.0
2010-09-30,0.0,0.0,0.0014766641348083753,0.0028693273736302965,0.0037910633097875575,0.009874491902805337,0.011485752103698406,0.013621483464257308,0.01622241286532887,0.019765817576372156,0.022199743128608344,0.02435149290263751,0.026485566049211155,0.03222820412640093,0.011370340411399796,0.0
2010-10-29,0.0,0.0,0.009215601225468807,0.0067531436472899045,0.018846152259089935,0.027255558843406077,0.029982850492983878,0.016374646165252735,0.030998010800793722,0.03860630182480999,0.04053607022563671,0.04571059368502155,0.048247237540997155,0.050725709168305454,0.03495950601146393,0.0
2010-11-30,0.0,0.0,0.010054181924136797,0.017346013176565388,0.013761248743815336,0.02446942239517428,0.028682248293549654,0.033840947394891185,0.03658250887754372,0.037418831588162636,0.042830326720512325,0.0463309516864149,0.050163261008978804,0.053904896782896033,0.0030935492558160404,0.0
2010-12-31,0.0,0.0,0.005413300485076759,0.0024901704142881063,0.01602410052744938,0.032296864637074894,0.05098904201756528,0.08067572899262213,0.0731486189723597,0.0697929787005891,0.08086960178286667,0.08409326779825291,0.0905802866950732,0.09850716374156092,0.006236762794763391,0.0
2011-01-31,0.0,0.0,0.015019337049243967,0.029355338568257623,0.04629564566737237,0.05688259266737883,0.0637769580934456,0.07695574574387994,0.08401136205722153,0.09320604849668068,0.10332280957682144,0.11115690615243404,0.11857871823195522,0.12769207929166496,0.058234089417372396,0.0
2011-02-28,0.0,0.0,0.032248730346951825,0.05558175059985184,0.07526524212748002,0.09328521495745182,0.11044576461016098,0.1294886439754325,0.1545636467649226,0.17746129316361547,0.19882135505935167,0.22264536839741333,0.24866290281054265,0.2699219565803803,0.06250021170256437,0.0
2011-03-31,0.0,0.0,0.01013160044204225,0.0009087524682521025,0.001193214393445316,0.001632932148554589,0.002081337830687202,0.0034296285105253066,0.002974264954843625,0.0033936317569836505,0.0038141214502947496,0.004253684623941989,0.0046812108953611375,0.005104270602790603,0.03079127293751306,0.0
2011-04-29,0.0,0.0,0.010456625315806326,0.005156062506233759,0.00318785238450911,0.0035608208569917754,0.002450604696525402,0.002414703224094511,0.0034183114124612946,0.0037322860913733547,0.00406025152795364,0.00436941895849649,0.0027184705380263463,0.0023573050751898375,0.04217723936207329,0.0
2011-05-31,0.0,0.0,0.008203065495869102,0.0031170196519698934,0.001392720047918114,0.0012157367004292235,0.0041571919947701735,0.006560309688687149,0.009180460835764237,0.011651347120808814,0.014099429300137883,0.01653393184667007,0.019367213334139793,0.021928819095296412,0.03311244197317728,0.0
2011-06-30,0.0,0.0,0.003825177722369284,0.00193754651903736,0.0023446754919659585,0.0025535953935201805,0.001797133598417669,0.0016247868383802988,0.0025668489267041397,0.003848336750359043,0.008836190650001243,0.015552172283597138,0.024326694076369823,0.056150844206473136,0.013417907802503817,0.0
2011-07-29,0.0,0.0,0.006063327921002542,0.006155586941643164,0.012784448080359473,0.015662967319689622,0.01781770371477749,0.01936064426462218,0.023533247981614075,0.025602348047779677,0.025506555860341933,0.02815792060224324,0.03314187564576194,0.015309252137955299,0.013240827716216222,0.0
2011-08-31,0.0,0.0,0.007535930071499008,0.014091472687774033,0.018788995803401064,0.022851771056817627,0.026119868465181176,0.030869819870943838,0.03475899946275132,0.038599845867766824,0.04222696153943433,0.04599197879346054,0.04672179034783796,0.03797439912775139,0.008810090102053197,0.0
2011-09-30,0.0,0.0,0.02195577343647288,0.04661695682093192,0.06636950325553641,0.08487498371058005,0.1033898201251245,0.11928893405312649,0.135914600105576,0.15231631742944735,0.16855903429226804,0.18387065037857958,0.2006711308064485,0.21662337521870068,0.028813610035237684,0.0
2011-10-31,0.0,0.0,0.015327883881569804,0.040367964754094966,0.06082471960846675,0.07961859888227468,0.09756713083039216,0.11500953077427145,0.13212374426529805,0.14901103596351328,0.1657340935517273,0.18233410837455816,0.19883933979502189,0.21526990788518252,0.036135642914779074,0.0
2011-11-30,0.0,0.0,0.004481663133988585,0.010159315878000827,0.01967978263787557,0.025630814253018323,0.031270433314483356,0.03683894890178652,0.04226172149998362,0.047617452335908486,0.052899985145352754,0.05815680856642719,0.06338362913964841,0.06858698234580185,0.025824003873270614,0.0
2011-12-30,0.0,0.0,0.0028502278673327936,0.0038284531517916794,0.011383770410035342,0.005743757153576626,0.006505373134625427,0.007262182281285039,0.008461082912198437,0.009501893219980947,0.009356596879474377,0.010057000735556251,0.010739460835263538,0.011408919805489276,0.008803010004708223,0.0
2012-01-31,0.0,0.0,0.014821932382282407,0.0035239230056510417,0.007132715220809565,0.012341956101125737,0.017536588611504745,0.022595257279643746,0.02759180120278296,0.03251611733021534,0.0373972089725277,0.04222190440394921,0.046988431118009655,0.0514329687877966,0.053101393742762126,0.0
2012-02-29,0.0,0.0,0.003042589777270454,0.0068210930691657385,0.010332705880312468,0.012090383940774115,0.01468696124912575,0.01677452744163717,0.01893954220695397,0.020990136652852043,0.023134234530352092,0.025400037691691996,0.027510581893495444,0.02948375313888653,0.005549291573764792,0.0
2012-03-30,0.0022965012364382356,0.0022965012364382356,0.010919334175055941,0.0256624254174733,0.03790459715254291,0.044893489010286405,0.0500268489776354,0.057913669103575094,0.064993182284114,0.07242490975875028,0.07750116062119408,0.08277757913418855,0.0891836499108558,0.09853760185304172,0.010078619161780432,0.0
2012-04-30,0.0022965012364382356,0.0022965012364382356,0.015357016515636878,0.02451021347374171,0.006603943407854418,0.008105735762061576,0.01131824331194764,0.011336827463163668,0.010821424613611741,0.010208651200746544,0.009570485219225294,0.01590154022448108,0.017169920422608162,0.01843150922087386,0.009795020718394385,0.0
2012-05-31,0.0,0.0,0.003190836038870727,0.0005098875547611993,0.00039891142729846923,0.0002775199208144216,0.0010518234608753174,0.0016286076947045064,0.002434758113331964,0.0033145561883970998,0.004119273572121579,0.0007060961510936548,0.0009966870401205419,0.0011111764856382433,0.008529823845806597,0.0
2012-06-29,0.0031857775158238588,0.0031857775158238588,0.01629538016150975,0.02039208865095892,0.024922108044501082,0.030855676545410025,0.03928924406686324,0.043925064223935724,0.04819698356532974,0.05239112864922556,0.05644762634096923,0.06303359406196024,0.07114291647170391,0.08044527695406103,0.02576190389762017,0.0
2012-07-31,0.0004481301943523527,0.0004481301943523527,0.01426817482171153,0.019454680874480858,0.02427938339355091,0.029346832174799217,0.031352331659170084,0.03305824648580449,0.034732056779431655,0.0363903131851681,0.045730573126734626,0.04950483580123506,0.05580045215364775,0.06365208290734718,0.025648467289349847,0.0
2012-08-31,0.002737647321471506,0.002737647321471506,0.032699037057437014,0.059522763800630436,0.08169917995196127,0.10167131255177655,0.12354758804300406,0.14506398953383165,0.16617808344116458,0.18700623453601917,0.19993508953794037,0.21826667821650328,0.2364688571257414,0.25460227084718806,0.019601838671848823,0.0
2012-09-28,0.0,0.0,0.003284275777327629,0.0013843082675244547,0.0017289514457516364,0.0005939678819706362,0.0010299021685575144,0.002604138917641191,0.003853437190224074,0.004254261314582425,0.004651259908722533,0.0036554415034714682,0.003425368791663802,0.0038226470371249544,0.017940273674762423,0.0
2012-10-31,0.0018829073707158574,0.0018829073707158574,0.005514763723709855,0.01122329915094665,0.01568027777503113,0.02205578826884741,0.023325974053430384,0.023354854004807718,0.02827716063493166,0.031479367621326165,0.03457255347772248,0.03868601959157533,0.04220346915784995,0.04523045071537557,0.002834880152419318,0.0
2012-11-30,0.0017253383881619942,0.0017253383881619942,0.02169849012855634,0.0406577813341238,0.05406063456145693,0.06510053739827232,0.08034753264071787,0.09557275909451718,0.10420618655972114,0.11577675001026594,0.12734303496048924,0.13882507952067666,0.15024231825381487,0.1616080766061829,0.017386044419626014,0.0
2012-12-31,0.0036082457588778516,0.0036082457588778516,0.02290647235326264,0.04103300333062701,0.058412139459162155,0.07183769166292969,0.0862883060708878,0.10035928386800053,0.11424009460076817,0.1279568992869824,0.14156475147460312,0.1550905835068386,0.16855288273926647,0.16637575800223886,0.020083231879473078,0.0
2013-01-31,0.0,0.0,0.03480728396365015,0.05821952901645806,0.07629379908922165,0.09532560902910536,0.11246423730148167,0.12909153331499412,0.14540477851904515,0.16150480938420547,0.17745013651680663,0.19327949441887177,0.2090198091960342,0.004363217978262612,0.02010651772394227,0.0
2013-02-28,0.0,0.0,0.04951982177511139,0.08959242545129288,0.12276605936119493,0.15339546616656285,0.1824524006338532,0.21083881493029383,0.23870972271908225,0.26622314289189664,0.29347752447522935,0.3205377418952857,0.014989643638819383,0.02473655582839307,0.031332709779230916,0.0
2013-03-29,0.0,0.0,0.04965727016231799,0.08208634798995484,0.10909002192055203,0.13411326694492703,0.15808873521653002,0.18142550425698936,0.20434856427286693,0.2269839948205708,0.24941081510097368,0.22676534727006806,0.3275486163140915,0.5698817451986046,0.006951835640365049,0.0
2013-04-30,0.0,0.0,0.013526075316204204,0.021427794541475143,0.02917758832163382,0.03640279250212894,0.04332943849932916,0.05005095653977418,0.05665172179877931,0.06315647014934811,0.06960073788069822,0.14589302513111382,0.3409877408720019,0.5824218821875168,0.01188474013000522,0.0
2013-05-31,0.0,0.0,0.002308291697256803,0.0006133813910359429,0.0007320734012698227,0.001950573110961154,0.0016714213813236733,0.0021047281469439294,0.002690859666595241,0.003194635453338035,0.003757877187456682,0.025915140236948297,0.02447139494919537,0.05136046859847538,0.03086252048217164,0.0
2013-06-28,0.0,0.0,0.02812588394487302,0.040877608031846244,0.05235990488874801,0.06395573403698292,0.07298033074238397,0.08240910047319167,0.09244812156841545,0.10187265059368633,0.1115175837398742,0.17000069798344578,0.9898250134015354,1.208832162056446,0.01690169379012539,0.0
2013-07-31,0.0,0.0,0.038592894600228966,0.06342920604624878,0.12188786380019068,0.17528799396138361,0.22618922254783422,0.2756405440748152,0.32135390191067537,0.34176652971058996,0.39018235156279324,0.4673032126272924,0.05033176081609436,0.24027336807289013,0.026777366572179426,0.0
2013-08-30,0.0,0.0,0.0030301597293836136,0.0028153604680934974,0.0030299758616698647,0.011847395599719729,0.034864562697056845,0.057189480630611904,0.07628384992832694,0.07043954765419123,0.09284095199112245,0.09763480910388563,0.006610972141694673,0.0033939635557000275,0.019947754543530608,0.0
2013-09-30,0.0,0.0,0.006880224842504362,0.05144837456291555,0.11265232121132068,0.15649293259020275,0.18645714340345027,0.21552461161391892,0.24399976283225436,0.272058000379771,0.29983452374630704,0.3273921147477242,0.8870985911844341,1.1024885283708736,0.018548062700158324,0.0
2013-10-31,0.0,0.0,0.0523431549957786,0.09818289630239836,0.15436351538054072,0.20206500180802625,0.23412780521019877,0.2637022446518559,0.29288493605803456,0.32179065923231387,0.35047417792433144,0.41666073871126874,0.887098591184434,1.1024885283708736,0.04879871239654873,0.0
2013-11-29,0.12947742055447867,0.12947742055447867,0.32153953424044524,0.34174082965291575,0.38570946016251495,0.4333493496113645,0.4750564580355219,0.5154890506172369,0.5157638869041277,0.4169248715792684,0.4733873161908782,0.6369716727307545,0.4102786528418707,0.35975516726322543,0.21653669089632446,0.11789891418833895
2013-12-31,0.052377169168621826,0.052377169168621826,0.03516568742772812,0.09760026115814904,0.15449886083604092,0.20855584414042003,0.26091795241166205,0.3122332655362132,0.22166968684689542,0.2556742018916975,0.18733890097076478,0.1788756540254791,0.17602063758745953,0.15202804029438535,0.21113192280357207,0.03710404092959514
2014-01-31,0.04400390573876964,0.28144515597809555,0.14461596989235517,0.10909882828160623,0.0987121573030938,0.09397564712164058,0.09172403845053984,0.09087498565539828,0.10110198824004955,0.2936615376014405,0.24090479908673926,0.366942445033983,0.48910218359641483,0.44729518271632485,0.03663979898222018,0.04149523495377003
2014-02-28,0.02060830459899205,0.05945404020810544,0.040253650084910955,0.029504065192485295,0.02297400192453508,0.030364552082571425,0.04085249280757843,0.04054384540699299,0.016002877679297728,0.00972817137124422,0.08531725056243009,0.15609785597681747,0.22368922252711726,0.28902015093612865,0.17833425346830659,0.017324061793414232
2014-03-31,0.021816967136095936,0.06436069310539905,0.11777266578634359,0.15233868615530816,0.19164208768897684,0.20994118996216107,0.24139131364716707,0.29209713103518653,0.39480490920902417,0.48131029416426035,0.4982814008072396,0.5178849802385366,0.5386822828846366,0.5597526148777768,0.09066680532291788,0.019553197446117773
2014-04-30,0.026011447895697027,0.0300719990358541,0.02383524189537944,0.024936838190382365,0.013090360557350758,0.013599962075603864,0.013583240874954869,0.024985938503339647,0.07673484665614563,0.1070394222732248,0.131318567161839,0.15134727899047934,0.17214715829511118,0.19145514872657596,0.033595926595625616,0.010022224978992333
2014-05-30,0.012904380289918114,0.12470458184410178,0.22566232209587944,0.29174819404515556,0.3617657596987164,0.4312896232874518,0.22596158925617454,0.3649513855752854,0.4810320225407443,0.5753371930281743,0.6513101377405295,0.6717503044412925,0.780599015117923,0.8013973253379385,0.16897157978901262,0.01038004557945341
2014-06-30,0.02011401435555609,0.05438957125160276,0.073893923669835,0.09129532910579008,0.10492660828166353,0.10108806224577659,0.078866750461087,0.0662245973626531,0.02475583354584246,0.021024726206452692,0.044656358686749165,0.06648852835830814,0.06536949510706602,0.07224830082129838,0.005996079053360201,0.017110505615100413
2014-07-31,0.0018843821314271092,0.01018227178796333,0.009666880257670908,0.019199566527921458,0.05685206045989209,0.06705622172859542,0.0025491917627688543,0.010287925929534814,0.0038258333485109153,0.01035835028171117,0.00992982244892035,0.034506990574591084,0.022350243256452886,0.02385903398998763,0.044618339987262674,0.0020053330758008792
2014-08-29,0.04402175389160061,0.11209341616356835,0.05862896489306117,0.03962367113992827,0.053418105380844,0.06302024139721404,0.07765648460428906,0.07825249215111019,0.06766523317498024,0.0673652391562938,0.06617110082841973,0.08816394589098853,0.0924769370920627,0.13185489251579632,0.033976520262110635,0.01248367187201829
2014-09-30,0.01327664270868072,0.0011061512782569172,3.623856626985833e-05,0.05306977685255728,0.09402394287028928,0.09486029917273237,0.13826914933631373,0.20331241739966546,0.21867431327938577,0.2560547189430794,0.29077931525516243,0.33848264111805487,0.14327213576104592,0.1859958551617416,0.003755374155568314,0.002009591032644748
2014-10-31,0.04524304453550969,0.005864772922895764,0.028587413200434758,0.04138459531276227,0.05950910029371247,0.1564159767667287,0.2281194858713559,0.2800734085691681,0.32992127277207384,0.37824060278434884,0.42551917903994124,0.47196824663562986,0.046937356145371756,0.043985310221665325,0.023088700615910757,0.025172926587499873
2014-11-28,0.015995855134393378,0.05033362784983132,0.11446457353263903,0.20524770857644797,0.3160658435086733,0.30714167307781515,0.13970128245850996,0.12844151240273305,0.14946615651529593,0.1693056872148786,0.18836821498831913,0.20685551676080607,0.0067024904359114235,0.035991230772711214,0.06964021037707638,0.014075643919651826
2014-12-31,0.029128797793292367,0.03163088535436011,0.03703128825677435,0.05196230817529235,0.0596691209598822,0.05163293480024091,0.024716915022867603,0.01678923747653996,0.021625600249295746,0.02602283648223519,0.030028971388251863,0.033777545646587435,0.0713762942866692,0.0886272810864347,0.05024187968493475,0.022171925786597865
2015-01-30,0.06204309617823742,0.16878317920093977,0.33034449914014363,0.4466230437682245,0.5338769467779418,0.619323696721543,0.5440736541959774,0.24236137525425222,0.05090497412553266,0.07689213089582259,0.08920138421860666,0.04388827943268499,0.04707852193535039,0.05408590183689383,0.252387767506374,0.040137597568780825
2015-02-27,0.009535131006285964,0.03758483354099511,0.25089650894875654,0.38536077828954757,0.46415410460343764,0.5860365831181766,0.6636282722477382,0.7474732016437409,0.7010492575880228,0.5671397262177132,0.43346967509633233,0.241446815509796,0.08175037558336773,0.10451582046031874,0.01309361163726392,0.0036290822127872766
2015-03-31,0.013106137499132812,2.1472910022080072e-05,0.16878863899156016,0.2124798169298953,0.27840920783745043,0.3484971727333497,0.3773465571178972,0.4478235829195176,0.4391289160455457,0.5352399245526823,0.39972396067493404,0.08338770495291423,0.005255443102219592,0.0025399262246582066,0.07387858651139995,0.010993117493666455
2015-04-30,0.007373659489413235,0.005186527958581988,0.002247922537365842,0.011889418690771751,0.014404334155947912,0.018242154852986414,0.02414792539921501,0.02851884362945392,0.03229075941902028,0.06078582246240591,0.06457669704475112,0.1898893195297539,0.17135417933499564,0.1537827712707329,0.04338236586309502,0.0016509169108521406
2015-05-29,0.025953827941951977,0.008492329370701324,0.06463123346144563,0.2308570331229851,0.24096504129887358,0.2966288429995232,0.33993444687749474,0.38832658296057176,0.4338793501527569,0.3379034028100849,0.3858946736996119,1.1606690541973332,1.5854009278158605,1.8795034383489875,0.03779321782982674,0.006297926559283211
2015-06-30,0.06065084123323661,0.08506506185386446,0.13654195165056118,0.17978553425598376,0.26546247133459405,0.3756304378732128,0.4417553919684127,0.2798167132396996,0.20695596996525378,0.24017118617889527,0.36622212672512333,0.0,0.0,0.0,0.16277086000854596,0.012439993194675859
2015-07-31,0.02994774990321624,0.0555855460542659,0.07683268832459489,0.11063154531857877,0.1473006233598378,0.21947465266662902,0.26800675848546945,0.054786408377927566,0.06582957765262701,0.08044402880385482,0.21350287232840326,0.8647649457408662,1.2441532881613395,1.5555244589106971,0.09423474468944425,0.02761382233354148
2015-08-31,0.04547527713893541,0.016142479811928193,0.04413724162074817,0.08009396106664382,0.11374502619407818,0.17212618842286428,0.20584155603380777,0.1904595321420893,0.08907790661725035,0.08853467020327746,0.2135028723284032,0.8647649457408662,1.2441532881613395,1.5555244589106971,0.023321398934627563,0.030165093263841116
2015-09-30,0.033446340151331605,0.020776833548116547,0.05079018648185876,0.06165284397892906,0.07097133745710184,0.09220941490446381,0.11422748305580277,0.12606604176532593,0.0731701974341176,0.09530224747827497,0.39481388762099034,0.9682565960507916,1.3306668470090877,1.6315289681787735,0.027457748191877917,0.018245636822533523
2015-10-30,0.0067755082714095645,0.07100257108957464,0.1655192615316961,0.2562420381983901,0.3656136086430708,0.43047308441381327,0.463676480558152,0.5052819002787665,0.3731929137998763,0.18284242405875392,0.39481388762099034,0.9682565960507916,1.3306668470090877,1.6315289681787735,0.1292811121233528,0.0005098487959527814
2015-11-30,0.005560770272674369,0.02064534030074138,0.05825117384834625,0.06199976081252653,0.04474238532251579,0.04363879475313952,0.04823569276780705,0.055011159566417375,0.061714645971758963,0.0656983857913874,0.0,0.0,0.0,0.0,0.03543062509889852,0.004452437304168253
2015-12-31,0.015098544222683826,0.05539553965758014,0.032217639566963954,0.011729789003502264,0.008382731295229595,0.009675058026405794,0.01096059973801207,0.012233890639530329,0.013498771774685683,0.012605977709984548,0.0,0.0,0.0,0.0,0.025877008114223186,0.0034988786292745894
2016-01-29,0.03500324757100122,0.03178580259246014,0.004022620594558432,0.04798743006868998,0.06555410790960708,0.07755545352519208,0.08932970205980982,0.10096173742699568,0.11249727214907991,0.12396411875714763,0.0,0.0,0.0,0.0,0.06089279335529532,0.014580568220091534
2016-02-29,0.027516071915870452,0.008597864594179855,0.0016020494410967975,0.0060385803784907405,0.013204250868812828,0.020071298021217487,0.026812552224027328,0.03347319525564346,0.04007125057280453,0.04662756203168172,0.0,0.0,0.0,0.0,0.05605955144098007,0.012040015516511043
2016-03-31,0.0172740508662598,0.009570534389410662,0.013001912052734297,0.017875933625429732,0.0169948098574735,0.015833514128253817,0.015372867174562543,0.014857399252517778,0.01980123317919888,0.013366678322884691,0.0,0.0,0.0,0.0,0.01673120011025031,0.01317465186589407
2016-04-29,0.054646430297830645,0.014306236329701488,0.017456762524416747,0.03513121986421169,0.04704509685796638,0.058463549010879384,0.06960193546323731,0.11183496293626849,0.09730312882738781,0.1337147606841393,0.7815922477812071,1.2785652225522441,1.5972237265833726,1.8623753321745844,0.008114996882437442,0.01262063715584041
2016-05-31,0.005024143125166029,0.018152617014194045,0.010869229938827663,0.037532256587796166,0.045958965849641535,0.05423359012002117,0.06241520804877569,0.10155371269298524,0.07863217795459648,0.11805449190558027,0.7207672781547343,1.2785652225522441,1.5972237265833726,1.8623753321745844,0.0006182833406712107,0.026672852569998497
2016-06-30,0.006745649199480724,0.004354660607441524,0.0011622090412857222,0.022298681530034004,0.027857809931805554,0.0347749260060257,0.040989241113328564,0.04820967247789891,0.05547252219280577,0.06189297301812008,0.021270463461161515,0.0,0.0,0.0,0.023932765488809987,0.012529882761529842
2016-07-29,0.010635281234573541,0.009065058760422129,0.019605924010594876,0.0787262064751934,0.0996522447181824,0.12140121701536827,0.16945248334655202,0.16370209700188848,0.2127846505695915,0.2054125528522356,0.8175481985372064,1.29593241324622,1.597402020353887,1.8517200422864544,0.004971512688904611,0.003540948855902142
2016-08-31,0.01926193693804859,0.00039134827338771494,0.009480730493934084,0.01730111284490131,0.022569314845933303,0.02821237747044633,0.06205811443240383,0.03865834841208887,0.0748806148480815,0.050812824647139564,0.01047698275510539,0.011118319936918308,0.01117287820899232,0.011143926612518909,0.024036623765440857,0.0088808689531631
2016-09-30,0.03690074474587277,0.06710069546968861,0.10996340087294885,0.14546800424973222,0.18110337577977814,0.17500431282488998,0.23480610128043317,0.2614408340251083,0.2886178321689433,0.21193139527245852,0.8466257219474123,1.2848140933093017,1.5862291421448949,1.8405761156739355,0.13477172996320103,0.02488898151149283
2016-10-31,0.031874914760264605,0.06287297274550911,0.10648277118636233,0.09850378644640341,0.1365841169260235,0.16398459698481438,0.2051138055660215,0.2437565280039027,0.1283114672929338,0.501419073549818,1.1396316605260803,1.39496658612158,1.7317119153588059,2.0,0.12983217599113922,0.01644578032311498
2016-11-30,0.02910255320240908,0.08169337793945335,0.1219347543164538,0.2140886858708263,0.24995960707022935,0.3232301470045916,0.32549231793888733,0.22264103797161425,0.48478877188103864,0.7834303859463062,1.1396316605260803,1.39496658612158,1.7317119153588059,2.0,0.06445981203330442,0.02789777061087384
2016-12-30,0.03753859540301952,0.09476564429601328,0.13725142480201424,0.19028359856380497,0.23347625615154394,0.2754975767012005,0.029506294451072404,0.026539512513631527,0.01352653561181262,0.0,0.0,0.0,0.0,2.0,0.3121887010597958,0.03098116125334493
2017-01-31,0.031237398462824164,0.01612883170054517,0.010167650042080674,0.007660405451187657,0.0013705453235678192,0.007054096997586745,0.01709075394586168,0.026774864967201426,0.20785267072657426,0.7915149005242355,1.227796934169548,1.5667260795981972,1.8633950726024278,0.0,0.03569947544662122,0.0007086330779392247
2017-02-28,0.01600971464740703,0.04622845102866818,0.04443188147913449,0.04325499262154202,0.04777090101215133,0.06174735703043585,0.07654153442031415,0.09754927740747703,0.26920382853972447,0.7915149005242355,1.227796934169548,1.5667260795981972,1.8633950726024278,2.0,0.02502860622370443,0.009933268550514116
2017-03-31,0.021251963124942444,0.009703023366233117,0.002833582879664973,0.020867873990337037,0.02372802972626424,0.02997670591531727,0.05027504061086538,0.06501756509868531,0.006149866484339614,0.0,0.0,0.0,0.0,0.0,0.035652464339223144,0.0002775779364879473
2017-04-28,0.007997981258931391,0.006905399577230053,0.0023467795275249363,0.03289247668950755,0.043053322113328504,0.03577353547297836,0.040181125242228694,0.04698252489067707,0.02232414390557141,0.0,0.0,0.0,0.0,0.0,0.04968627020783904,0.007717937123714285
2017-05-31,0.005503534093024686,0.001802265636700653,0.0010892857102214983,0.004310758675860688,0.03739800284485078,0.0614363303676775,0.07857041349721541,0.0931483609623822,0.01553527521303954,0.0,0.0,0.0,0.0,0.0,0.027205393638320093,0.010409835406407658
2017-06-30,0.0479369248680061,0.033036416252008025,0.05803885315791733,0.07994725917392137,0.0982151445832724,0.1183367600020745,0.13692583380990853,0.15681992270366013,0.07386224717745414,0.0,0.0,0.0,0.0,0.0,0.1381225207287869,0.01068595565412686
2017-07-31,0.008900986723457946,0.007514542773455037,0.01294414516618848,0.018057036338293475,0.022418230730005897,0.029153422390784063,0.03133723403389917,0.034158142587440675,0.0,0.0,0.0,0.0,0.0,0.0,0.03333501080059683,0.006679781785847258
2017-08-31,0.014876254536504853,0.014975007679706744,0.011457750266146585,0.0030416081448673424,0.011020572903396983,0.016176777959451494,0.003924422729826071,0.007795143197734635,0.0,0.9960748288074863,0.9960748288074863,0.9960748288074863,0.9960748288074863,0.9960748288074863,0.03391952905836951,0.005527221951182711
2017-09-29,0.009099706260830488,0.010392091189689208,0.04376460222006246,0.0676135480623209,0.084868523908718,0.20814947734780126,0.0022050358970007525,0.006833354777145532,0.0,0.9960748288074863,0.9960748288074863,0.9960748288074863,0.9960748288074863,0.9960748288074863,0.09063206054888762,0.0025110397376685387
2017-10-31,0.013234554319465778,0.012129525844725719,0.0279279477556674,0.017460749852362702,0.00980484082910521,0.0072539959486995695,0.012796896236542267,0.01713534769226535,0.0,0.0,0.0,0.0,2.0,2.0,0.02992525347059722,0.0041677615295089366
2017-11-30,0.012044985020849781,0.05928466389108769,0.12197925940532053,0.1851784481560652,0.2501799424114704,0.21273415643829632,0.07839413770541002,0.024502743483264037,0.0,0.9878994595668866,0.9878994595668866,0.9878994595668866,1.0121005404331136,1.0121005404331136,0.1356014932985074,0.004521796190447858
2017-12-29,0.0006084884201421822,0.04153328859469494,0.08992578607539335,0.12388379056875314,0.15823250318493282,0.24341801684482905,0.28817640407037426,0.012311505757433734,0.0,0.003944254745196496,0.003944254745196496,0.003944254745196496,0.003944254745196496,0.003944254745196496,0.09431543033753043,0.0014149468277298953
2018-01-31,0.004718109528526845,0.04853294128967189,0.10030323391300383,0.13815158020910634,0.14254454015294732,0.12628102657137336,0.11811117870603113,0.10511392180055248,0.0,0.9839552048216901,0.9839552048216901,0.9839552048216901,0.9839552048216901,0.9839552048216901,0.09109055923436726,0.0014037874838425148
2018-02-28,0.023424421607794815,0.012007905795204945,0.020988592520536843,0.010230782833546082,0.004465613274264479,0.006097075921423667,0.027198917086896333,0.0714970457126158,0.0,0.0,0.0,0.0,0.0,0.0,0.030771325587772784,0.00808169834069522
2018-03-30,0.02476841152539285,0.061204581728730605,0.04699459938824368,0.0476726048973532,0.04691959862094647,0.04540710095427636,0.048327691781259674,0.051385758532291326,0.0,0.0,0.0,0.0,0.0,0.0,0.10201258404966206,0.0022781697039992903
2018-04-30,0.019246926195387273,0.00919274585164941,0.012647832832364578,0.006631481439158052,0.007034471376013046,0.008999346646623108,0.010964900444725034,0.012909114193352667,0.0,0.0,0.0,0.0,0.0,0.0,0.12152181224302369,0.0012329627707673074
2018-05-31,0.03592396300224085,0.016812585110485646,0.024604206044317862,0.033940612793516796,0.025936968752322234,0.02002323785666115,0.013939798154120985,0.007964154328155011,0.0,0.0,0.0,0.0,0.0,0.0,0.1257209680214082,0.0053737201364036395
2018-06-29,0.025793362168402532,0.026901437239090643,0.005619949686339994,0.01923883639480845,0.03382425944264035,0.034857732265787186,0.04337063487862201,0.05180625538746696,0.0,0.0,0.0,0.0,0.0,0.0,0.22775640643551096,0.02455121874937053
2018-07-31,0.0640367317016061,0.10481635840853545,0.06177862144734159,0.04381700016617343,0.04086664273898338,0.052304783760365306,0.08259462676554352,0.126453391644436,0.0,0.0,0.0,0.0,0.0,0.0,0.16831663144241038,0.03034976877058508
2018-08-31,0.012400490143919272,0.02282930567112806,0.04063258611071597,0.045563164827392054,0.05570990469370788,0.08133397507076678,0.09155370077185705,0.08674273978455438,0.0,0.0,0.0,0.0,0.0,0.0,0.02489918106699556,0.01229348677302157
2018-09-28,0.027623547550801604,0.01487328369431431,0.019547531571683926,0.05015993394705362,0.09885185473836541,0.11833259845728518,0.13172143652056773,0.12234409203833865,0.0,0.0,0.0,0.0,0.0,0.0,0.06713334068262963,0.022199685085326083
2018-10-31,0.013626459171112193,0.04723750651367297,0.08593785302392883,0.12171805427774422,0.12384949952853938,0.11463370572424937,0.10908764749595463,0.02771044646146831,0.0,0.0,0.0,0.0,0.0,0.0,0.13601012245317456,0.01673240571891843
2018-11-30,0.06370007578202981,0.060817735392124934,0.07500928510705529,0.09400899253500175,0.1298977113670314,0.1271195332002329,0.13929660080194972,0.15384524380622122,0.0,0.0,0.0,0.0,0.0,0.0,0.09622316132281802,0.03909191543476629
2018-12-31,0.003161243706027602,0.00048812283419949476,0.06274133769823699,0.13134014910472516,0.16436820287813017,0.19955624882645653,0.23075522332019463,0.2773224911286629,0.3025198654439405,0.0,0.0,0.0,0.0,0.0,0.11044664662514306,0.005387496998113816
2019-01-31,0.024857537650254745,0.06852916349093241,0.1510748959729007,0.1781327295657477,0.2579362020005578,0.27156119655324956,0.2953672793021607,0.21319099289676666,0.6537256957089963,0.5215778040385968,0.978842868786824,1.3461440611215232,2.0,2.0,0.2637689513312466,0.03155929079194257
2019-02-28,0.062148426768801335,0.05792131957178594,0.057603845358440695,0.081337956792983,0.09910710282991674,0.12224181841667808,0.14214257227290591,0.17192299122227894,0.18101536081854958,0.5215778040385968,0.978842868786824,1.3461440611215232,2.0,2.0,0.06814340413058198,0.037078351809526615
2019-03-29,0.013202767305478832,0.013103209879325908,0.030434608347545997,0.045724930585377875,0.0362591488553221,0.06364321919482432,0.05753100401803912,0.08078548496151278,0.07565458983245346,0.04231406847626329,0.0,0.0,0.0,0.0,0.022929149649896466,0.0007476846043089295
2019-04-30,0.05220264620066878,0.02812020151238734,0.01341427033309573,0.04861237606681851,0.008709437553128224,0.020027423211328742,0.007593082036266047,0.02464758065783204,0.013456572742387977,0.005590748582465537,0.0,0.0,0.0,0.0,0.037794082512348656,0.006815401045487832
2019-05-31,0.006120818827001397,0.0016597667641645025,0.0030739642340048487,0.05227234970013653,0.07860215084188024,0.07956707761905356,0.09275182964722342,0.10575050491026648,0.11862328851030955,0.0440984513695091,0.0,0.0,0.0,0.0,0.03865789321993508,0.002313567704491161
2019-06-28,0.029201329370610277,0.005103324538411086,0.017652211768355092,0.08757985590833647,0.10606072629344204,0.1317012078891639,0.1631358818107973,0.18031328517903888,0.21113620498858265,0.23859108177522878,0.0,0.0,0.0,0.0,0.08475718859029484,0.019763307977217405
2019-07-31,0.028586240222167027,0.04086406332826378,0.04291404825800557,0.05254780688084513,0.043442654841437486,0.04298783014426896,0.055579873875636066,0.0531632188230759,0.06632215212113002,0.11689827653483728,0.20376493665041773,0.0,0.0,0.0,0.016874831664875994,0.010121905215459342
2019-08-30,0.006362184722583432,0.017236286286227684,0.0076025633081970995,0.012300670573373257,0.01653477893701654,0.018810928030022128,0.022232623644326238,0.025758064195261776,0.029312926648248805,0.005830270435440052,0.20376493665041773,0.0,0.0,0.0,0.051161231695212514,0.008224233860661082
2019-09-30,0.037586730957709015,0.024536983763014802,0.02103265236342039,0.05121639342457114,0.08320904486578265,0.12800073730240313,0.1713545016195479,0.2150840560255422,0.16407768955486515,0.031946005067026044,0.0,0.0,0.0,0.0,0.021922413258184018,0.03058702668604467
2019-10-31,0.022055081705004177,0.07274743493362622,0.11531660183166026,0.15242999839939753,0.1765939250081089,0.21253883629419035,0.24295850751169723,0.2784214662178687,0.2987676226097224,0.6693276450596697,1.5766327533885511,1.8763862667606492,2.0,2.0,0.09987036214872351,0.028817308831011947
2019-11-29,0.00861899844299474,0.007122924565076169,0.09707158876422613,0.14666053258432143,0.18610444226897405,0.2273797055476857,0.25735658417768537,0.2901168615930675,0.20997183562105803,0.772968901880629,1.5766327533885511,1.8763862667606492,2.0,2.0,0.017209151867144723,0.013211201613937825
2019-12-31,0.004890920749892336,0.013901831473968507,0.07946810575486186,0.11517614313657035,0.10539332988258117,0.11456599744538598,0.12864764891556907,0.14385857365380406,0.1937776230358096,0.05422440495847293,0.0,0.0,0.0,0.0,0.04641349020267152,0.003560319999365016
2020-01-31,0.012133324222328646,0.11612592692113094,0.2274546005178103,0.2581871145375062,0.2710366953274265,0.3924243683684629,0.32509244022200456,0.1675917458736731,0.16019763183714417,0.2153346223012808,0.0,0.0,0.0,0.0,0.1392084561241117,0.0011099309360818742
2020-02-28,0.003407257449252193,0.0012368595988233727,0.02971667206442208,0.03895102259329813,0.07972589494446213,0.14495026656001725,0.21045204448239924,0.21871289286525192,0.14620979707882514,0.08428980623969469,0.0,0.0,0.0,0.0,0.051412548621523044,0.004158283858373343
2020-03-31,0.009956182835386433,0.01819263188351948,0.12138406673323648,0.15377837289052754,0.18954212223678446,0.3198236351548071,0.2640410119531436,0.25358666682516484,0.11278237863202217,0.0931908918592682,0.04249164845865219,0.0,0.0,0.0,0.13670749595666914,0.012641400838496583
2020-04-30,0.2527196424764428,0.4710537889004131,0.42800139182027114,0.40217658093248987,0.38584902015765493,0.37752723223088536,0.4079329579288077,0.42360433789339547,0.4259505126435902,0.30136484521956913,0.24504381549658896,0.09453687298676333,0.0,0.0,0.37824807553793915,0.191657940213099
2020-05-29,0.03663142688056702,0.03663142688056702,0.08919878577710985,0.10422754835441714,0.11890139387849608,0.13322310889313396,0.1340023943391126,0.16121361736230255,0.16210479141617196,0.320448080195698,0.2239071830234748,0.1934684712664616,0.09984198551997397,0.0,0.004242625926309987,0.03954766158108297
2020-06-30,0.013066713595853263,0.013066713595853263,0.0035849502045067552,0.007020120497060495,0.00932156961928568,0.011541696706501348,0.012694820896587522,0.014928711879800827,0.01678150197862964,0.013799885808490946,0.02278684896514821,0.019434055066612915,0.017933481682851547,0.0,0.0025318639027184647,0.01327484226093028
2020-07-31,0.0007818536644795884,0.0007818536644795884,0.018341524082311843,0.014362942801987869,0.011945618771481231,0.01053094137831978,0.010582914757663875,0.008634721193113204,0.008060663365115225,0.022440922195796457,0.01010182377800739,0.008771209920904938,0.00817838402269519,0.0,0.006495854370712942,0.001054148499225617
2020-08-31,0.023018665684209242,0.023018665684209242,0.07274712621941357,0.10862252234066998,0.14150638768653623,0.17280327508439433,0.19927994644114427,0.21979342188786016,0.260630545913539,0.2916657830767731,1.113002338277508,1.5923072164425842,1.8904029168198697,2.0,0.04134866355464586,0.022794600296579343
2020-09-30,0.00842689934127144,0.00842689934127144,0.07587175183979486,0.10732664189588731,0.13600817235444038,0.16339820484896586,0.19003584417650682,0.20508708489857014,0.24216231538194333,0.256093625520125,1.0462698242710713,1.559406783968853,1.8748132625669056,2.0,0.07576819039136669,0.0008970375668831757
2020-10-30,0.0033412319363774895,0.0033412319363774895,0.014737714551435452,0.021266885264368277,0.02701233811297568,0.032393177420045965,0.03762365330052719,0.042731522878343114,0.04776650685040615,0.05275038877418451,0.03879434939791976,0.023225621607906283,0.016880658684080868,0.0,0.011055313472760541,0.0002901014164330487
2020-11-30,0.0009023124887551602,0.0009023124887551602,0.018736262625344675,0.029125415170154045,0.03808668859026659,0.04641503312066769,0.054420886105816024,0.06225125201351439,0.06995784327787335,0.077577095783859,0.056759332690791586,0.05062636062712647,0.049451450108034464,0.0,0.05612630087560928,0.0011757692626943872
2020-12-31,0.01617475240701542,0.01617475240701542,0.07385810522482814,0.04911951268065137,0.03382342425623168,0.015667924784575835,0.01766593407768835,0.020628424135191198,0.023828953157027932,0.026987680862196682,0.03514869649241076,0.07327698624021986,0.09655434128013196,0.02166555600722741,0.054749835200268784,2.1342520222122907e-05
